MaxT(°C),MinT(°C),RH1(%),RH2(%),RF(mm),WS(kmph),SSH(hrs),EVP(mm),Pest
27.2,18.6,90.1,68.6,0,3.7,6.8,2.7,Miridbug
27.3,19.1,90.7,68.6,0,3.7,6.4,2.8,Miridbug
29.2,19.1,95.8,62,0,2.7,7.6,3.5,Miridbug
28.6,18.7,92.4,64.9,0,2.9,8.6,2.3,Miridbug
29.2,18,93.1,62,0,2.5,8.1,3.2,Miridbug
29.4,19.7,92.6,67,0,2.5,8.2,2.1,Miridbug
29.2,19.7,89.7,69.9,0,2.7,8.2,2.7,Miridbug
27.9,20.2,90.3,74.3,0,2.5,4.6,2.3,Miridbug
29.2,18.3,94,65,0,2.2,7.6,2.8,Miridbug
31.3,19.4,96,68.3,0,2.1,9.2,3.3,Miridbug
31.1,20.3,92.7,62.7,0,2.1,9.4,3.4,Miridbug
31.9,20.5,92.7,55.9,0,2.5,9.3,3.7,Miridbug
32.7,20.3,91.4,51.1,0,2.7,7.7,4.1,Miridbug
32.4,22.8,88.9,58.5,0,3.4,8.4,4.4,Miridbug
32.9,23.2,88,54.6,0,3.7,8.5,4.7,Miridbug
33.6,22.4,86.7,70.9,0,4.3,8.9,4.6,Miridbug
35.1,24.9,87.1,73.4,0,4.5,8.4,4.7,Miridbug
34.9,24.9,82.9,71,0,4.7,8,4.8,Miridbug
34.4,23.5,84.3,62.3,0,5,8.7,3.3,Miridbug
38.2,25.7,80.6,59.4,0,7.1,6.8,6.9,Miridbug
37.4,25.9,80.4,59.6,0,6.4,4.4,7.4,Miridbug
37.5,25,80.7,59.7,0,4.9,5.9,5.9,Miridbug
31.7,24,88.1,80.6,0,6.1,5,6,Miridbug
32.9,25.1,79.9,70.1,0,8.9,1.3,4.9,Miridbug
31.9,23.8,88,74.7,0,10.2,2.8,4.2,Miridbug
30.9,24,83.6,79,0,8.9,3.9,4.3,Miridbug
30.6,23.4,89.3,85.3,0,9.2,3.4,5.1,Miridbug
29,23.6,83.6,78.3,0,9.3,2.1,4.2,Miridbug
31.1,24.9,86.6,70.9,0,9.4,4.3,4.3,Miridbug
32.1,23.9,91,71.6,0,10.2,6.2,6.2,Miridbug
32.1,25.4,89.7,80.7,0,9.4,7.4,4.7,Miridbug
29,22.9,88.6,82.7,0,8.9,2.1,3.5,Miridbug
29.6,22.5,90.3,71,0,7.4,3.7,3.5,Miridbug
27.5,22.1,93.3,86.3,0,7.3,0.8,2.5,Miridbug
28.4,23.2,86.3,77.1,0,7,3.9,3,Miridbug
30.9,23.6,90.9,72.7,0,5.7,5.1,3.4,Miridbug
32,23.7,89.6,74.7,0,4.9,5.7,3.6,Miridbug
30.8,22.6,91.4,79.3,0,3.7,4.7,4.7,Miridbug
31,22.4,87.9,74.3,0,2.8,4.6,4.6,Miridbug
32.4,22.6,87.6,72.3,0,3.7,8.2,2.8,Miridbug
31.8,22.7,88,74.4,0,2.6,7.4,2.6,Miridbug
29.7,22.1,92.9,80.4,0,3.5,2.8,2.8,Miridbug
32.6,20.4,86.4,71,0,3.6,9,2.9,Miridbug
30,21,88.9,72.9,0,3.7,5.6,2.4,Miridbug
28.8,21.6,89.3,70.1,0,4.1,5.5,2.5,Miridbug
29.8,19,80.8,59.5,0,3,6.5,3.4,Miridbug
30.6,18.8,86,67.9,0,3.5,5.4,2.9,Miridbug
29.2,19.1,85.9,74,0,4,3.6,2.8,Miridbug
27,18.1,88.3,66.9,0,3.2,6.4,2.8,Miridbug
27.6,18.4,88.5,65.3,0,3.9,5.7,2.6,Miridbug
28,18.8,88.6,67.2,0,4.1,6.3,2.5,Miridbug
28,18.4,91.9,69.6,0,4.5,6.7,2.6,Miridbug
27.2,18.6,90.1,68.6,0,3.7,6.8,2.7,Miridbug
27.3,19.1,90.7,68.6,0,3.7,6.4,2.8,Miridbug
27.9,19.3,92.1,68.1,0,2.7,7.2,2.6,Miridbug
28,19.3,92.3,70.4,0,2.9,6.7,2.4,Miridbug
28.9,16.2,90.4,66.9,0,2,7.8,2.8,Miridbug
30.5,17.5,93.4,64,0,1.8,7.6,2.9,Miridbug
30,18.8,94.2,61.6,0,1.8,7.4,3,Miridbug
30.5,20.3,90.8,62.1,0,2.5,7.7,3.2,Miridbug
30.8,20.5,92,62.1,0,2.2,8.1,3.4,Miridbug
30.8,20.8,92.2,64,0,2.2,8.1,3.3,Miridbug
31.1,21.4,90.6,62.4,0,2.1,7.8,3.4,Miridbug
31.3,21.9,91.1,65.2,0,2.4,7.7,3.7,Miridbug
32.1,22.4,90.1,60.2,0,2.7,8.1,4.1,Miridbug
32.4,22.8,88.9,58.5,0,3.4,8.4,4.4,Miridbug
32.9,23.2,88,54.6,0,3.7,8.5,4.7,Miridbug
32.9,22.3,87.4,60.9,0,4.2,8.7,4.8,Miridbug
34.4,22.3,82.3,55.6,0,4.4,9.1,5,Miridbug
34.3,24.7,85,61.5,0,4.8,8,4.7,Miridbug
35.6,26,87.1,54.5,0,4.8,8.5,4.8,Miridbug
36.3,23.6,82.1,63.2,0,5.1,6,4.8,Miridbug
37.9,25.1,77.9,49.9,0,7.5,8,6,Miridbug
36.9,25.3,84.7,53.9,0,5,1.7,4,Miridbug
32.9,22.2,89.4,72.3,0,3.3,1.7,2.5,Miridbug
30.2,23.4,82.9,69.7,0,8.9,1.9,3.1,Miridbug
34,24.9,74.7,56.7,0,9.3,4.7,5.4,Miridbug
34.9,26.2,69.7,51.9,0,10.7,6.6,7.1,Miridbug
32.3,25.2,79.9,64.6,0,13,2.2,4.9,Miridbug
32.6,26.1,75.3,65.7,0,10.7,4,5.5,Miridbug
32.1,23.9,89,72.3,0,10.2,1.8,3.6,Miridbug
32,23.6,90.4,71.3,0,7.3,5.3,3.7,Miridbug
31.3,24.2,88.7,76.1,0,7.1,4.4,3.4,Miridbug
29.4,23.1,91.1,76,0,7.7,0.7,2.7,Miridbug
29.1,23.9,86.4,73.6,0,9,0.9,3.6,Miridbug
28.7,23.4,91.1,75.9,0,12.1,3.1,3.1,Miridbug
31.4,24.4,82.6,64.9,0,7.6,6.8,4.1,Miridbug
32.1,24.6,88.6,71.6,0,6.7,5.4,4,Miridbug
31.1,23.2,91.3,78.4,0,3.6,2.9,2.7,Miridbug
32.1,23.5,90,74.7,0,3,5.7,3,Miridbug
29.7,23,91,82.6,0,3.2,2.8,2.3,Miridbug
30.2,22.7,92,83.1,0,4.2,4.3,3.9,Miridbug
31.8,23,87.6,69.6,0,3.2,6.7,3.4,Miridbug
29.8,22.9,91.1,82.9,0,4.1,5.3,2.2,Miridbug
31.5,22.4,91.9,72.4,0,3,7,2.8,Miridbug
31.9,20.8,89.3,65.4,0,2.1,6.6,3.3,Miridbug
27.4,21.5,91.4,85.3,0,7.1,0.7,1.8,Miridbug
30.4,21.1,86.4,68.7,0,3.7,6.8,2.6,Miridbug
31.3,19.6,85.9,66.7,0,4,8.9,3.4,Miridbug
29.9,19,85.9,69.9,0,4.4,6,2.8,Miridbug
30.4,16.5,85.9,65.4,0,2.3,8.7,2.7,Miridbug
30.3,17.2,89.6,64.9,0,2.3,8.1,2.8,Miridbug
26.5,17.9,85.6,67.1,0,6.1,3.9,2.9,Miridbug
27.4,17.6,93.4,62.9,0,4.6,6.9,3,Miridbug
26.9,16.6,88.3,61.3,20.1,6.2,7.5,3,Miridbug
27.5,17.4,86.6,66.9,0,5.4,3.7,2.8,Miridbug
28.9,17.2,92.1,67.1,0,1.8,4.7,2.3,Miridbug
29.9,20.4,96,67.3,0,2.1,4.1,2.3,Miridbug
28.9,18.7,90,70,0,4,1.5,2.8,Miridbug
28.7,17.5,88.1,65.7,0,2.7,2.9,2.9,Miridbug
30.5,19,92,66.4,0,2,4.5,2.7,Miridbug
32.1,17,91.4,54.3,0,1.2,6.8,3,Miridbug
32,18,92.4,63.3,0,1.6,6.5,2.6,Miridbug
31,20.1,91.4,66.3,0,2.2,8.3,3,Miridbug
31.8,20.1,87.1,58,0,1.9,7.5,3.4,Miridbug
31.9,19.4,91.7,66,0,2.1,7.4,3.3,Miridbug
32.4,21.6,85.6,62.7,0,3,9.5,3.9,Miridbug
32.9,21.7,87.3,60.7,0,3.8,9.6,4.3,Miridbug
32.9,21.7,86.4,60.7,0,3.6,10.3,4.3,Miridbug
33.6,22.7,86.9,55.7,0,4.2,10.4,5.1,Miridbug
34.1,23.2,86,60.4,0,4.4,10.3,5.2,Miridbug
34.7,24,85,58,0,4.1,9.3,5.5,Miridbug
39.1,27.4,82.1,49.4,5.3,7.1,9.7,6.7,Miridbug
38.1,26.5,71.9,44,7.5,11.6,6.7,8.1,Miridbug
37.1,26.4,82.6,50.4,0.8,7.8,7.5,6.5,Miridbug
36.2,24.7,85.1,57.9,13.6,6,8.5,5.2,Miridbug
35.1,24.7,87.3,67,32.4,5,5.1,4.8,Miridbug
34.6,25.5,79.6,66.7,2.6,6.4,4.1,4.8,Miridbug
31.7,24.7,78.6,64.9,6.8,12,0.8,4.2,Miridbug
34.1,25.1,79.7,56.9,6.2,7.8,9,5.9,Miridbug
35.1,27.1,72.4,50.4,1.2,11.6,7.6,7.9,Miridbug
35.2,26.9,71.4,50.4,8,11.7,5.9,7.6,Miridbug
31.6,25.2,82,67,0,12.4,3.3,5,Miridbug
32.7,25.1,84.4,65.4,29,10.4,6.9,5.3,Miridbug
31.2,24.3,91.3,75.9,63.6,6.3,4,3.8,Miridbug
27.7,23.2,89.6,81.9,51,13.2,2.6,2.6,Miridbug
29.5,24.6,88.3,69.6,17.6,10.8,6.8,3.9,Miridbug
29.3,24.3,89,75.3,1,8.5,5.7,3.9,Miridbug
30.6,24.3,90.9,80,0,6.9,4.3,3.7,Miridbug
29.9,24.7,90.6,75.1,0,5.6,4,3.7,Miridbug
30.2,24.5,89.4,74,1,5.3,3.8,3.5,Miridbug
32.8,24.4,88.1,70.3,7.2,3.7,6.8,3.3,Miridbug
33,24.9,86.7,69.9,0,3.7,7.6,3.8,Miridbug
33,24,84.3,76.4,13.6,1.9,8.6,3.9,Miridbug
30.2,23.2,94,84.7,46.6,2.9,4.1,2.3,Miridbug
30.1,23.1,92.4,76.3,54,2.4,5.6,2.1,Miridbug
26.4,22.1,91.4,85,15.2,3.8,1.1,1.9,Miridbug
28.9,20.8,93.7,68.4,61.4,2.2,4.2,2.7,Miridbug
27.9,21.3,90.9,72.9,7.9,4.6,2.2,2.4,Miridbug
29.9,20.2,90.9,57.1,0,2.8,8.2,2.8,Miridbug
28.7,16.7,90.7,50.4,0,2.6,6.2,2.7,Miridbug
30.6,16.9,95.6,49.3,0,2.1,9.1,2.6,Miridbug
29,17.7,86.1,52.6,0,4.2,7.1,3.1,Miridbug
29.1,18,95.6,54.9,0,3,3.8,2.3,Miridbug
30.1,17.4,96.1,55.9,0,1.8,8.5,2.2,Miridbug
29,18.8,95,59.8,0,2.7,5.9,2.2,Miridbug
25.4,18.4,94.6,82.3,0,5.1,7.1,2.5,Miridbug
26.3,17.7,92.7,86.7,0,3.7,9.2,2.9,Miridbug
26.5,21.6,90,87,0,2.4,8.8,2.3,Miridbug
26.4,19.4,90.9,86.1,0,5,6.5,2.5,Miridbug
27.4,21.1,94.9,87.3,0,2.1,7.1,2.2,Miridbug
27.4,19.3,90.7,77.4,0,1.6,8.9,2.5,Miridbug
27.7,17.8,93.1,63.1,0,1.5,9.8,2.7,Miridbug
30.1,19.8,94.7,63.4,0,2.5,9.5,2.8,Miridbug
29.4,19.9,94.5,64.3,0,2.2,9.4,3.2,Miridbug
29.6,20.4,91.4,66.3,0,2.5,8.5,3.1,Miridbug
32.1,20.5,93.7,56.7,0,1.9,8.8,3.4,Miridbug
31,22.1,94.4,67.6,0,3.1,8.2,3.6,Miridbug
31.5,23.1,90.9,65.7,0,2.9,9.2,3.8,Miridbug
32.1,24.2,92.7,70,0,3.6,6.6,3.6,Miridbug
32.3,24.1,87.4,64,0,4.7,9.2,4.6,Miridbug
32.9,24.8,89.9,72.6,0,4.8,9.7,5,Miridbug
32.2,23.7,89.1,72.6,34.2,4.7,9,4.5,Miridbug
31.6,24.4,89.6,84.3,57.2,4.6,5.5,4.4,Miridbug
32.2,25.4,92.3,66.6,7.6,4.8,9.5,3.9,Miridbug
33.3,27.4,90.1,79.1,0,8.2,2.3,4.6,Miridbug
36.1,27.6,90.3,69,0,8.6,9,6.9,Miridbug
34.3,25.5,86.6,66.1,0,3.8,8.6,4.9,Miridbug
33.4,25.1,83.7,64,42.2,6,5.4,5,Miridbug
31.3,25.5,75.9,70.4,79.8,10.1,3.8,3.5,Miridbug
33.1,27.2,86.4,70.7,0,11.9,7.6,6.4,Miridbug
34.6,26.9,87.6,80,0,10.6,7.6,7.4,Miridbug
32.4,25.6,92.3,84.6,43.8,8,5,4.9,Miridbug
29.4,24.7,95.3,88.1,38.2,8,2.2,2.4,Miridbug
31.4,25.6,93.4,82.7,7.4,7.6,5.3,4,Miridbug
27.9,23.8,93.9,86.1,34,12.7,1.2,2.8,Miridbug
29.8,24.5,89.7,79,19.7,10,3.4,3.6,Miridbug
29.6,24.4,89.5,75.9,0,9.4,3.8,3.5,Miridbug
30.5,25.5,86.7,70.7,11,7.9,5.7,4.5,Miridbug
30.6,25.6,87.1,71.1,9.4,9.4,7.9,4.9,Miridbug
31.9,25.6,81.7,68.6,0.4,5.9,8.7,4.4,Miridbug
29.6,25.9,92,79.9,44.6,2.8,1.7,3.5,Miridbug
29.9,25.2,85,72.1,28.2,6.8,6,3.3,Miridbug
31.2,24.9,89,73,11.2,3.7,5.5,3.3,Miridbug
30.7,23.7,88.9,78.1,33.4,2.9,7.2,2.9,Miridbug
28.6,23.6,94,82.7,147.8,5.2,3.1,2.2,Miridbug
29.9,23.6,91.6,82.7,72.4,2.7,5.8,3.1,Miridbug
29.6,22.4,87.6,74.6,4.2,3.1,7.7,3.1,Miridbug
29,22.4,87.4,72.3,8,4.2,9.6,2.9,Miridbug
27.4,21.3,89.7,71,29.2,3.3,3.2,2.4,Miridbug
28.4,20.9,86.1,72.1,0,3.3,5.6,2.2,Miridbug
30.4,19.9,89.7,59.4,0.8,2.4,7.5,2.7,Miridbug
29.6,16.9,89.6,53.7,0,2.3,9.3,3.2,Miridbug
28.9,17.9,83.4,55.3,0,4.5,8.1,3.4,Miridbug
28.3,18.1,88.3,66.9,0,3.3,6.4,2.8,Miridbug
28.1,18.3,89,62.9,0,3.3,6.2,2.6,Miridbug
27.4,18.2,92.7,49,0,2.3,8.1,2.4,Miridbug
27.3,19.1,93.9,75,0,4.1,7.2,2.3,Miridbug
31.3,19.6,91.4,62.7,0,1.3,9.4,3.3,Miridbug
30.8,21.4,92.6,64.4,0,2.4,8,3.4,Miridbug
29.2,18.7,93.4,48.7,0,2.4,7.7,2.4,Miridbug
27.9,19.2,90.9,65.3,0,3.8,6.3,2.4,Miridbug
30.6,20.9,92.9,68.9,0,2.7,8.3,3.2,Miridbug
33.4,24.1,91.7,64,0,3.2,8,4,Miridbug
34.1,24.4,87.7,64.7,0,3.3,9.3,4.1,Miridbug
35,24.6,88.7,61.3,0,3.7,7.5,4.6,Miridbug
32.8,21.7,89.7,62.1,0,2.5,8.4,3.7,Miridbug
31.1,20.6,91.4,64.4,0,1.8,9.3,3.5,Miridbug
31.5,22.1,91.6,61.7,0,2.3,7.9,3.4,Miridbug
32.3,22.5,91.1,74.9,0,2.6,9,3.6,Miridbug
32.4,23.2,91.7,67.9,0,2.7,8.6,3.8,Miridbug
33.4,23.1,91,60.4,0,2.8,8.9,4,Miridbug
33.9,24.6,89.7,63.3,0,2.9,8.1,3.9,Miridbug
34.6,24.4,88.3,63.7,0,3.8,8.5,4.4,Miridbug
34.9,25.5,87.1,63,0,4.2,7.6,4.7,Miridbug
32.2,22.6,88.3,74.7,94.6,4.7,5.9,2.4,Miridbug
36.5,26.9,90.9,64.7,0,3.7,9.3,4.2,Miridbug
35.7,27,89,63.6,0,3.7,9.7,4.7,Miridbug
34.6,27.3,87.9,45.9,0,4.8,7.4,5,Miridbug
34.4,25,86.3,54.3,56.6,4.4,7,4.3,Miridbug
36.8,27.5,84.1,52.1,0,5.3,7,4.8,Miridbug
39.3,29.1,74,40.6,0,9.9,6.4,8.6,Miridbug
36.7,27.4,87.3,62.3,13,9.5,7.2,7.8,Miridbug
30.1,24.4,91.1,66.9,114.2,8.8,1.3,3.7,Miridbug
31,24.8,90.7,72,33,10.2,4.6,5.3,Miridbug
29.6,25.9,92.1,82.6,22.8,8.1,5.2,3.7,Miridbug
31.7,25.9,87.6,85.6,0,4.9,6.5,3.8,Miridbug
26.7,24.6,92.6,88,0,13.2,1.9,2.9,Miridbug
29.9,26,90.7,78.1,27.4,12.5,2.8,4.8,Miridbug
29.6,24.1,91.4,76.4,73,10.2,4,4.4,Miridbug
29.7,25.7,91.7,81.1,15.2,8.3,4.2,4,Miridbug
30.2,25.3,91.3,83.1,17.7,7.6,7.9,3.3,Miridbug
31.9,25.2,93.4,76,65,6.4,7.2,3.6,Miridbug
30.5,24.9,92.7,85.9,90.9,2.6,4.3,3.7,Miridbug
27.1,25.1,89.4,80.3,19.7,2.6,2.9,3.5,Miridbug
27.1,24,87.3,84,58.1,1.9,3.5,3.4,Miridbug
29.8,24.9,91.1,79.1,13,2,4.4,3.3,Miridbug
30.7,25.2,90.9,70.6,0.8,1.8,5.3,2.9,Miridbug
29.6,23.6,93,84.1,99.2,1.7,3.9,2.7,Miridbug
29.1,23.7,94,80.6,66.4,1.6,4,2.8,Miridbug
27.9,23.9,92.7,82.7,53.6,1.6,3.4,2.9,Miridbug
27.9,23.4,94.4,84.7,147.6,1.5,3.1,2.4,Miridbug
28.2,21.6,87,71.6,3.4,1.5,7.2,2.5,Miridbug
30.1,17.1,90.4,58.3,0,1.4,9.9,2.9,Miridbug
28.4,18.8,81.1,77.3,0,1.6,6.5,3,Miridbug
27.9,18.6,79.4,59,0,1.9,4.8,2.8,Miridbug
28.1,18.9,81.9,68.6,0,2.1,4.7,2.8,Miridbug
27.3,18.4,80.1,66.4,0,2.3,7.5,2.6,Miridbug
26.3,21,83.4,77.7,0,2.7,3.8,2.5,Miridbug
27,18.2,90.3,78,0,2.7,8.8,2.6,Miridbug
26.6,17.8,90.7,75.3,0,2.9,8.3,2.7,Miridbug
27.8,20.1,93.7,72,0,3,6.6,2.8,Miridbug
29.4,20.4,96,69,0,4.2,8,2.6,Miridbug
28.2,19.3,92.9,79.9,0,4.1,7.7,2.4,Miridbug
28.6,18.4,94,68.6,0,3,7.9,2.8,Miridbug
29.8,18.7,94.3,76.1,0,3.6,8,2.9,Miridbug
29.4,18.8,93.7,69,0,5.1,9,3,Miridbug
30.6,19.6,94.3,63.7,0,6.4,9.1,3.2,Miridbug
30.7,19.9,93.7,59.3,0,5.6,7.8,3.4,Miridbug
31.6,21.8,90.9,58.4,1.6,6,7.7,3.3,Miridbug
30.4,22,85.1,65.1,3.2,5.9,7.7,3.4,Miridbug
32.4,22.1,87.6,59.9,0,5.4,8.3,3.7,Miridbug
33.2,22.5,92.9,55.9,0,6.7,8.3,4.1,Miridbug
31.8,23.4,90.7,64.3,0,5.6,8.4,4.4,Miridbug
32.5,23.2,87.3,65.7,0,5.9,8.6,4.7,Miridbug
32.7,22.8,85.1,64,42,5.1,7.6,4.8,Miridbug
34.5,24.1,88.7,53.4,0,5.3,8.2,5,Miridbug
35,23.7,83.7,53,13.8,4.2,9.3,4.7,Miridbug
34.1,26.1,83.9,60.4,0,3,8.9,4.8,Miridbug
33.9,25.7,88.7,62.4,77.4,2.9,5.5,5.7,Miridbug
32.1,25.7,87.3,57,1.8,2.1,4.7,6.6,Miridbug
33,26.9,83.9,55.9,0,1.6,6.4,6,Miridbug
34.1,26.8,86,59.6,1.4,2,6.3,6,Miridbug
36.1,27.7,88.7,53.9,0,1.6,8.1,4.8,Miridbug
32.1,23.6,89.7,66.7,123.1,1.8,3.2,5.3,Miridbug
28.2,25.8,90.4,83.7,88.6,2,0.9,5.5,Miridbug
29.7,26.5,80.3,71,13,1.7,5.5,5.1,Miridbug
32.9,27.4,87.6,59.3,2.6,2.3,5.4,4.2,Miridbug
31.9,27.1,88.7,62.9,20.4,1.7,4.3,3.9,Miridbug
28.6,25.1,92.9,81,15.8,1.7,1.1,4.1,Miridbug
27.3,25,91.6,81.6,83.2,2.1,1.7,4,Miridbug
30,25.8,91.6,73.9,24,1.8,5.5,3.5,Miridbug
29.9,25.5,88.3,66.4,14.3,1.9,5.7,4,Miridbug
29.6,24.5,94.7,73.3,58.5,2.1,1.4,3.3,Miridbug
28.7,25.2,92.1,74.6,12.4,2.5,3.3,3.6,Miridbug
30.1,25.9,92.4,66,10,2.6,5.7,3.7,Miridbug
30.1,25.4,90.1,72.4,42.6,2.6,4.7,3.5,Miridbug
25.9,23.6,94.6,87,188.4,1.9,1,3.4,Miridbug
29.9,25.1,90.3,66.1,5.2,2,6.9,3.3,Miridbug
30.5,25.3,87.6,62.4,5,1.8,8.7,2.9,Miridbug
32.2,25.4,90.1,55.1,3,1.7,7.7,2.7,Miridbug
30.2,23.4,88.3,69.6,4.2,1.6,6.4,2.8,Miridbug
29,22.7,87.4,69.1,16.8,1.6,5,2.9,Miridbug
24,22.5,93.3,89.4,239.6,1.5,1.3,2.4,Miridbug
27.7,22.1,89.6,67.7,12.6,1.5,5.3,2.5,Miridbug
27.8,21.4,84.6,64.7,0,1.4,6.8,2.9,Miridbug
27.4,21.5,85,55,0,1.6,7.9,3,Miridbug
28.4,21.7,89.3,65.6,0,1.9,5.9,2.8,Miridbug
28.1,19.9,89,61,0,2.1,7.7,2.8,Miridbug
28.5,18.8,91.1,65,0,2.3,6.1,2.6,Miridbug
24.6,20.6,85.6,79.6,0,2.7,7.3,2.5,Miridbug
25.5,20.8,90,70.4,0,2.7,5.2,2.6,Miridbug
25.5,20.9,90.4,71,0,2.9,6.6,2.7,Miridbug
23.7,19.6,92.4,70.7,0,3,7.1,2.8,Miridbug
26.1,21.3,91,63,0,4.2,6.5,2.6,Miridbug
26.3,21.6,91.4,68.9,0,4.1,7.3,2.4,Miridbug
26.7,20.1,91.6,58,0,3,8.6,2.8,Miridbug
26.1,21.1,93.6,58.9,0,3.6,8.6,2.9,Miridbug
26.6,21.9,90.7,61.1,13,5.1,7.3,3,Miridbug
26.6,19.6,86.7,53.1,0,6.4,9.9,3.2,Miridbug
27.9,21.3,88.6,58,0,5.6,8,3.4,Miridbug
27.6,22.9,90.9,66.7,0,6,7.6,3.3,Miridbug
28.6,21.9,86.4,55.3,0,5.9,8.6,3.4,Miridbug
29.8,22.7,92,51.1,0,5.4,7.3,3.7,Miridbug
31.4,22.8,93.4,44,0,6.7,7.6,4.1,Miridbug
31.3,22.7,93.6,42.7,0,5.6,8.1,4.4,Miridbug
31.8,23.2,82.3,38.3,0,5.9,8.9,4.7,Miridbug
32.4,23.3,80.3,34.1,6.6,5.1,8.3,4.8,Miridbug
34.2,26,82.7,50.7,0,5.3,9.8,5,Miridbug
34,26.2,77.1,51.7,1.2,4.2,7.7,4.7,Miridbug
36.9,28.1,79,41.6,0,3,6.8,4.8,Miridbug
40,29,80.9,39.9,0,2.9,8.2,5.7,Miridbug
38,28.5,77.4,57.3,5,2.1,8.8,6.6,Miridbug
35.1,28.9,78.6,55.1,0,1.6,7.5,6,Miridbug
35.5,27.3,83.3,50.4,8.2,2,5.4,6,Miridbug
34.5,27.1,81.6,53.4,72.8,1.6,7.6,4.8,Miridbug
32.1,26.9,88.6,67.5,46.6,1.8,2.9,5.3,Miridbug
28.1,25.2,91.4,80.7,95.4,2,1.8,5.5,Miridbug
31.8,28.4,81.3,58.4,3.4,1.7,6.3,5.1,Miridbug
30.8,26.1,91.6,72.4,51.4,2.3,3,4.2,Miridbug
31.2,25.8,91.1,73.9,79.8,1.7,5.3,3.9,Miridbug
30.5,26.7,90.4,78.4,12.1,1.7,4.7,4.1,Miridbug
29.7,25.3,91.6,75,80,2.1,3.1,4,Miridbug
29.8,25.9,85.6,71,51.2,1.8,3.3,3.5,Miridbug
29.8,26.4,90.9,70.3,28.4,1.9,5.1,4,Miridbug
29.5,25.3,94.7,69.7,38,2.1,2.8,3.3,Miridbug
28.2,24.4,93.7,84,87.4,2.5,1.6,3.6,Miridbug
28.3,26.3,92.3,70,30.6,2.6,4.5,3.7,Miridbug
29.7,26.4,91.9,78.6,23,2.6,5,3.5,Miridbug
25,24.7,90.3,89.6,125.6,1.9,0.9,3.4,Miridbug
29.4,26.3,92.9,74,98.4,2,2,3.3,Miridbug
28.5,24.1,94.1,77.6,78.4,1.8,2.2,2.9,Miridbug
31.4,25.3,89,58.4,0,1.7,6.6,2.7,Miridbug
29.8,24.1,90.1,71.4,21,1.6,5.7,2.8,Miridbug
27.8,22.4,87.4,77.7,15.8,1.6,5.9,2.9,Miridbug
26.4,23,89,83.6,49.5,1.5,4.3,2.4,Miridbug
29.5,22.6,92.6,57.3,1.4,1.5,7.9,2.5,Miridbug
28.9,18.4,85.7,68.9,0,1.4,9.4,2.9,Miridbug
27.6,19.4,86.4,66.3,0,1.6,5.5,3,Miridbug
28.1,19.5,86.1,60.4,0,1.9,5.7,2.8,Miridbug
27.4,19,84.9,64.4,0,2.1,5.9,2.8,Miridbug
27.3,21.1,83.3,66.4,0,2.3,3.2,2.6,Miridbug
28,21.1,82.4,56.3,2.6,2.7,5.4,2.5,Miridbug
29.8,20.2,92.3,57.9,0,2.7,6.4,2.6,Miridbug
24.8,18.1,87.6,64.1,0,2.9,8.8,2.7,Miridbug
26.3,18.6,85.3,55.9,0,3,8.6,2.8,Miridbug
26.6,19.4,95.3,70,0,4.2,7.9,2.6,Miridbug
27.6,21.2,89,63.4,0,4.1,7.2,2.4,Miridbug
27.1,21.3,91.3,68.6,0.6,3,6.1,2.8,Miridbug
26.3,22.4,89.7,66.5,4,3.6,5.6,2.9,Miridbug
27.9,20.4,90.6,64.2,42,5.1,6.5,3,Miridbug
29.6,19.4,89.7,62.1,0,6.4,9,3.2,Miridbug
31.1,19.9,91.1,58.1,0,5.6,8.4,3.4,Miridbug
31.6,17,89.6,48,0,6,7.6,3.3,Miridbug
31.6,21.1,88.3,50.3,0,5.9,7.1,3.4,Miridbug
28.6,21.9,91.3,71.6,114.6,5.4,3.4,3.7,Miridbug
30.6,21.9,90.1,54.6,16.8,6.7,6.9,4.1,Miridbug
32,21.9,83.1,45.9,0,5.6,8.8,4.4,Miridbug
32,22.1,88.1,37.7,0,5.9,8.2,4.7,Miridbug
32.6,24.3,87.1,32.7,0,5.1,9,4.8,Miridbug
33.1,23.9,91.7,31.4,0,5.3,7.1,5,Miridbug
38.6,26.8,90.7,45.1,0,4.2,6.5,4.7,Miridbug
39.4,27.3,89.6,36.1,0,3,8.2,4.8,Miridbug
42.5,27.9,82.1,29.4,0,2.9,9.1,5.7,Miridbug
38.1,26.4,82.1,45.6,55,2.1,7.2,6.6,Miridbug
37.1,25.6,84.3,48.6,12,1.6,8.2,6,Miridbug
35.1,25.1,91.9,54.7,33.8,2,2.5,6,Miridbug
30.6,24,85.7,73.3,67,1.6,0.4,4.8,Miridbug
35.7,26.9,86.6,71.4,0.4,1.8,0.5,5.3,Miridbug
33.9,24.4,90.9,70.1,40.2,2,2.4,5.5,Miridbug
32.8,25.9,90.4,73.4,8.6,1.7,2.4,5.1,Miridbug
31.4,26.3,91.3,70.3,91,2.3,5,4.2,Miridbug
31.7,24.1,90.9,72.4,128.6,1.7,3.7,3.9,Miridbug
28.4,23.6,91.1,79.7,99.2,1.7,2,4.1,Miridbug
28.4,23.8,89.9,74.9,152.1,2.1,1,4,Miridbug
26.9,23.2,89.6,82.3,159.8,1.8,2.5,3.5,Miridbug
30.9,24.4,88,73.4,46.7,1.9,4.6,4,Miridbug
30.4,24.1,88.3,73.9,32.2,2.1,3.3,3.3,Miridbug
31.7,24.9,78.7,66.7,31.1,2.5,8.4,3.6,Miridbug
30.2,24.6,86.1,72.9,286.4,2.6,4.1,3.7,Miridbug
27.4,24,92.7,86,84.4,2.6,2.5,3.5,Miridbug
30.6,24.7,89,76.4,4.4,1.9,3.3,3.4,Miridbug
31.9,23.4,87.7,72.1,0.2,2,7.2,3.3,Miridbug
31.6,23.6,91.7,82,7.5,1.8,6.1,2.9,Miridbug
31.9,24.6,90.7,77.7,4.8,1.7,7.1,2.7,Miridbug
30.7,23.2,91.7,81.1,20.2,1.6,6.2,2.8,Miridbug
28.5,22,90.3,82.7,27,1.6,4.2,2.9,Miridbug
31.5,20,86.9,72.1,0,1.5,8.9,2.4,Miridbug
30.6,19.7,87,65.4,0,1.5,7.8,2.5,Miridbug
27.9,21.1,89.7,74.7,96.5,1.4,4.2,2.9,Miridbug
30.4,22.4,88.6,71.4,0,1.6,6.4,3,Miridbug
25.4,19.6,88.6,76.6,27,1.9,2.1,2.8,Miridbug
27.6,19.9,93.7,65,0,2.1,6,2.8,Miridbug
27.9,19.6,91.3,67.3,0,2.3,6.3,2.6,Miridbug
28.1,18,94.1,66.3,0,2.7,6.1,2.5,Miridbug
28.2,18.3,94.5,71,0,2.7,5.8,2.6,Miridbug
27.4,20.6,86.9,50.3,0,2.9,5.2,2.3,Miridbug
27,20.2,87.3,50.6,0,3,7,2.9,Miridbug
27.2,19.3,89.6,44.4,0,4.2,7.3,2.4,Miridbug
28.9,19.2,94.3,37.3,0,4.1,7.9,2.5,Miridbug
29.8,21.5,95.4,43.9,0,3,7.4,2.5,Miridbug
29.9,21.3,91.4,39,0,3.6,7.6,2.5,Miridbug
30.2,20.8,90.3,39.9,0,5.1,8.8,2.5,Miridbug
30.9,19.3,91.7,36.1,0,6.4,8.5,2.7,Miridbug
31.6,23,94.4,42.4,0,5.6,8.3,3.1,Miridbug
30.1,21.1,94.3,55.7,0,6,5.4,2.5,Miridbug
30.9,23,91.4,60,0,5.9,5.4,2.5,Miridbug
31.2,23.1,86.7,51.7,0,5.4,6.8,3.2,Miridbug
31.8,23.1,87.3,50.7,0,6.7,8,4,Miridbug
31.5,23.5,89.4,49.6,0,5.6,8,4.4,Miridbug
33.3,22.9,88.7,36,0,5.9,7.8,4.7,Miridbug
35,24.9,89.9,36.7,0,5.1,7.6,4.8,Miridbug
34.3,25.5,86.4,32.6,0,5.3,9.5,5,Miridbug
34.6,24.5,88.4,30.3,0,4.2,8.9,4.7,Miridbug
36.1,27.6,90.9,27.7,0,3,9,4.8,Miridbug
36.1,27.4,89.9,29.3,0,2.9,7.5,5.7,Miridbug
36.8,26.1,89,68,3.3,2.1,3,6.6,Miridbug
36.9,26,92.1,68.6,1.8,1.6,7.1,6,Miridbug
37,28.6,89.6,61.3,0,2,5.1,6,Miridbug
38.1,28.1,92.3,67.4,0,1.6,6.9,4.8,Miridbug
37.4,29.7,90.7,62.1,0,1.8,2.1,5.3,Miridbug
36.4,27.3,85.6,73.6,0,2,2.9,5.5,Miridbug
31.9,25.7,87.3,75.7,66.3,1.7,0.4,5.1,Miridbug
31.5,25.9,84.3,73.3,14.8,2.3,2.7,4.2,Miridbug
31.3,24.9,89.1,66,54.4,1.7,4.3,3.9,Miridbug
32.1,26.9,91.7,75.1,2,1.7,5.5,4.1,Miridbug
32.8,27.3,87.6,63.7,33.6,2.1,6.1,4,Miridbug
33.1,27.9,86.1,61.7,5.4,1.8,7.4,3.5,Miridbug
32.3,26.7,85.9,69,27,1.9,4.3,4,Miridbug
29.4,23.9,88.1,79.3,47.2,2.1,2.6,3.3,Miridbug
31.3,25.4,87.6,78.6,26.8,2.5,5.4,3.6,Miridbug
30.9,25.5,86.9,66,84,2.6,4.4,3.7,Miridbug
33.1,26,83.9,60,6.9,2.6,6.6,3.5,Miridbug
32,25.3,89.4,59.4,12.4,1.9,4.2,3.4,Miridbug
30.8,25.4,88.3,68.6,39.9,2,1.7,3.3,Miridbug
29.3,25.1,87.7,66.7,25,1.8,3.8,2.9,Miridbug
31.7,25.4,88,59,0,1.7,5.2,2.7,Miridbug
31.8,24.4,88.9,58.4,0,1.6,8.8,2.8,Miridbug
31.6,23.1,83.9,59.7,0,1.6,9.3,2.9,Miridbug
30.2,23.1,87.1,71,0,1.5,6.7,2.4,Miridbug
28.4,23,87.7,71.1,28.4,1.5,1.8,2.5,Miridbug
29.7,23.9,87,62.1,18.6,1.4,5.2,2.9,Miridbug
28.9,22.9,91.1,69.3,16.9,1.6,4.7,3,Miridbug
27.1,17.5,84.1,76.6,0,1.9,8.4,2.8,Miridbug
28.6,17.3,90.3,68.1,0,2.1,6.7,2.8,Miridbug
28.4,18.7,91.3,60,0,2.3,6.2,2.6,Miridbug
27.6,21,90.9,71.3,1,2.7,3.6,2.5,Miridbug
26,17.4,90,78.4,0,2.7,7.1,2.6,Miridbug
28.2,17.4,87,69.4,0,2.9,6.3,2.7,Miridbug
27.8,20.2,87.3,72.9,3,3,4.2,2.8,Miridbug
28.7,20.6,89.7,72.9,1.4,4.2,5,2.6,Miridbug
26.8,16.3,84.7,75,0,4.1,7.3,2.4,Miridbug
28.6,16.6,89.1,63.6,7.3,3,8,2.8,Miridbug
29.8,17.4,91.3,59.3,13.3,3.6,7.8,2.9,Miridbug
30,19.7,91,62.7,18,5.1,9,3,Miridbug
31.4,23,89,53.3,16.6,6.4,7.7,3.2,Miridbug
31.3,22.7,92.6,53.4,2.2,5.6,8.7,3.4,Miridbug
31.3,23.1,91,55.3,0,6,7.6,3.3,Miridbug
31.9,23.5,93.9,60.3,0,5.9,6.3,3.4,Miridbug
31,22.9,92.1,61.3,0,5.4,7,3.7,Miridbug
31.4,24.1,87.3,61,1.6,6.7,6.6,4.1,Miridbug
32.1,24.3,88.7,50,0,5.6,7.4,4.4,Miridbug
32.3,24.7,90.7,52,0,5.9,6.9,4.7,Miridbug
32.7,24.3,91.9,48.9,22.2,5.1,8.4,4.8,Miridbug
32.6,24.4,87.7,49.9,22.2,5.3,9.7,5,Miridbug
33.4,24.6,88.9,52.6,0,4.2,9.4,4.7,Miridbug
35.5,26.6,89.6,42.9,0,3,9.2,4.8,Miridbug
33.8,25.1,89.4,54,148,2.9,5.9,5.7,Miridbug
31.4,25.9,89.9,55.6,61,2.1,5.1,6.6,Miridbug
38.9,28.3,84.6,32.9,0,1.6,8.9,6,Miridbug
37.4,26.7,85.4,37.3,10,2,4.1,6,Miridbug
32.1,24.7,87.1,59.9,28.8,1.6,1.5,4.8,Miridbug
30.9,24.9,84.4,61,90.4,1.8,0.2,5.3,Miridbug
33.6,26.9,81.9,49.1,3.8,2,3.2,5.5,Miridbug
28.1,23.1,89.9,71.7,117.3,1.7,0.6,5.1,Miridbug
30.1,25,86.4,60.3,57.1,2.3,2.5,4.2,Miridbug
29.7,24.6,87.4,61.1,55.6,1.7,1.6,3.9,Miridbug
28.3,23.6,84.7,77.7,91.2,1.7,0.1,4.1,Miridbug
29.9,24.9,84.6,60.3,20.8,2.1,1.9,4,Miridbug
30.4,24,87.1,52.1,28.6,1.8,4.4,3.5,Miridbug
30.4,25.1,82.3,51.9,78.2,1.9,3.3,4,Miridbug
31.7,25.7,83.3,56,59.6,2.1,5.4,3.3,Miridbug
29.1,23.9,87.9,61.1,117.6,2.5,2.7,3.6,Miridbug
27.5,22.9,90.1,69.3,134.3,2.6,1.4,3.7,Miridbug
30.8,24.1,88.4,55.4,80.6,2.6,2.4,3.5,Miridbug
29.4,23.6,86.7,58,102.4,1.9,3.4,3.4,Miridbug
30.9,24.1,86.9,57.4,72.8,2,5.2,3.3,Miridbug
28.9,23.9,86.7,63.3,114.6,1.8,2.9,2.9,Miridbug
30.9,24.3,83.4,52,0.8,1.7,5,2.7,Miridbug
30.4,23.9,81.6,56.7,37.6,1.6,4.7,2.8,Miridbug
29.4,23.7,84.4,60.3,49,1.6,4.5,2.9,Miridbug
25.9,23,88.4,77.7,123,1.5,3.4,2.4,Miridbug
28.1,23.1,86.1,64.4,66.6,1.5,5.3,2.5,Miridbug
29.1,23.1,87.6,61.7,70,1.4,5.2,2.9,Miridbug
30.6,22.7,87,57.9,5.4,1.6,6.6,3,Miridbug
30.3,20.3,88.6,57.7,0,1.9,4.3,2.8,Miridbug
26.1,20.1,89,76.9,107,2.1,1.6,2.8,Miridbug
27.3,20.1,88.1,65.4,0,2.3,4.3,2.6,Miridbug
27.3,16.2,83.1,68.7,0,2.7,7.6,2.5,Miridbug
27.3,16.6,87.8,62,0,2.7,7.4,2.6,Miridbug
14.2,7.1,99.6,85.3,18.4,4,1.4,0.6,Brownplanthopper
11.9,6.4,98.7,81.9,0,3.2,1.2,0.6,Brownplanthopper
14.8,5.5,100,75.1,0,3.8,2.7,0.8,Brownplanthopper
19.5,6.5,99.6,62.1,0,2.2,4.2,1,Brownplanthopper
21.1,7,94.7,53,0,3.1,7.7,2,Brownplanthopper
20.7,10.1,94.4,55.1,25,5.5,3.9,2.3,Brownplanthopper
21.5,7.2,95,47.7,0,2.8,8.8,2.5,Brownplanthopper
24.3,10,90.7,46.4,0,3.2,7.9,2.8,Brownplanthopper
26.9,13.6,90,47.1,1,3.7,7.9,3.4,Brownplanthopper
26.2,10.9,95.9,45,0,3.9,9.7,3.9,Brownplanthopper
30.6,14.3,94.1,39.9,0,2.6,10.2,4,Brownplanthopper
34.8,17.1,93,36.4,0,2.2,9.1,4.5,Brownplanthopper
35.5,17.5,84.7,21.6,0,2.9,10.3,5.5,Brownplanthopper
36.2,16.5,76.9,21,0,3.8,11.1,6.8,Brownplanthopper
39.8,19.1,63.3,24.1,0,4.4,10.1,8.9,Brownplanthopper
40.2,24.1,54.6,31,4.4,5.7,6,9.9,Brownplanthopper
38.7,21.2,55.1,35.1,0,4.3,7.9,8,Brownplanthopper
39,25.3,63.3,44.7,0,7.9,3.6,9.2,Brownplanthopper
38,22.6,62.6,40.3,0,6,9.5,9.4,Brownplanthopper
40.9,24.5,41.1,20,0,6.3,7.5,10.5,Brownplanthopper
43.5,24.6,48,25.7,0,7.8,9.5,12.4,Brownplanthopper
40.2,25.5,54.6,38.4,3.8,8.9,8.9,12.9,Brownplanthopper
34.5,23,73.1,57.1,24.2,6,8.6,7.3,Brownplanthopper
38.9,25.2,64.3,45.7,0,5.3,10.1,9.4,Brownplanthopper
41.7,29.1,56,31.9,2.8,7.5,7.7,10.5,Brownplanthopper
37,26.7,68.9,47.3,10.7,5.9,6.3,7.6,Brownplanthopper
32.2,25.9,84.6,73.9,156.2,6.5,4.3,3.9,Brownplanthopper
34.3,26.9,87.4,63.4,140.8,4.2,7.6,4.2,Brownplanthopper
31.5,27.4,90.6,89.9,68,7.1,0.7,4,Brownplanthopper
33.2,26.9,90.1,71.7,12.2,6.1,4.6,4.5,Brownplanthopper
33.3,27.5,85.9,67.1,2.4,9.2,8.3,5.4,Brownplanthopper
34,27,89.4,71.3,7.8,3.7,3.7,3.6,Brownplanthopper
32.5,26.7,91.6,76.9,46.2,4,3.7,3.3,Brownplanthopper
32.2,25.9,93.4,76.7,49.4,5.3,4.8,3.8,Brownplanthopper
34.1,25.8,93.6,65.7,8.8,3.1,6.9,3.8,Brownplanthopper
32.7,26,89.4,80.6,30,4.4,5.5,3.4,Brownplanthopper
30.6,24,95,74,28,3.9,6.2,3,Brownplanthopper
30.1,21.9,92.7,71.1,60.5,3.6,6.2,2.9,Brownplanthopper
32.4,21.2,95,57.4,0,2.5,10.3,3.8,Brownplanthopper
33,21.7,95.7,56,0,1.5,6.8,3.2,Brownplanthopper
33,20.5,92.4,51,0,1.8,5.2,2.8,Brownplanthopper
32.5,21,91.3,55.6,0,2.1,3.9,2.7,Brownplanthopper
29,14.2,82,48,8.8,2.8,6.9,2.8,Brownplanthopper
29,13.7,93.3,44,0,1.7,6.2,2.4,Brownplanthopper
29.3,12.5,93.3,40.9,0,1.6,8.6,2.4,Brownplanthopper
27.4,12.2,91.9,36.9,0,1.4,5.8,1.9,Brownplanthopper
25.3,10.2,93.4,42.1,0,1.9,6.2,2,Brownplanthopper
24.2,8.2,92.6,40.7,0,2,7.7,2,Brownplanthopper
22.2,5.9,96.6,49.9,0,1.3,6.9,1.3,Brownplanthopper
20.9,5.7,95.7,55.7,0,1.8,6.7,1.2,Brownplanthopper
20,4.4,97.9,56,0,2.1,6.1,1.3,Brownplanthopper
18.6,6,98.6,61.5,17.6,2.2,2.3,0.9,Brownplanthopper
22.6,6.1,96.1,46.4,0,0,6.9,0,Brownplanthopper
21.4,6.1,95.7,54.7,0,0,6.6,0,Brownplanthopper
20,4.4,98.3,55.7,0,0,6.4,0,Brownplanthopper
19.8,4.3,98.3,55.7,0,0,3.4,0,Brownplanthopper
20.8,7.9,97.6,63.9,17.6,0,5.2,0,Brownplanthopper
21.8,10.3,95,66.1,8.2,0,5.4,0,Brownplanthopper
19.7,10.7,92,74.1,35.6,0,4,0,Brownplanthopper
21,8.7,96.7,66.7,0.4,0,5,0,Brownplanthopper
20.7,10.5,93.6,68.7,6.5,0,4.1,0,Brownplanthopper
24.8,9.8,95.6,54.6,0,0,10.1,0,Brownplanthopper
29.3,14,94.1,55.7,0,0,8.4,0,Brownplanthopper
30.4,14.4,91.1,47.3,0,0,10.1,0,Brownplanthopper
31.7,16.4,83.4,42.3,0,0,9.9,0,Brownplanthopper
31.1,14.6,74.4,21.6,0,0,9.3,0,Brownplanthopper
33.1,17.4,75.6,27.7,2.6,0,7.3,0,Brownplanthopper
32.4,16.7,74.4,38.6,22.1,0,9.2,0,Brownplanthopper
38.1,21.7,59,27.1,0,0,10.2,0,Brownplanthopper
38.9,24.3,51.1,27.6,1.8,0,9.1,0,Brownplanthopper
39.6,24,52,27.1,0,0,10.2,0,Brownplanthopper
41.9,26.2,51.6,28.1,0,0,9.8,0,Brownplanthopper
37.4,24.4,67,41.7,22.4,0,6.4,0,Brownplanthopper
36.3,24.1,73,45.9,32.8,0,10.5,0,Brownplanthopper
38.7,26.5,62.9,41.3,2,0,11.2,0,Brownplanthopper
36.7,26.1,77.6,53.4,148.6,0,7.6,0,Brownplanthopper
35.2,26.1,88.1,60,75.1,0,5.6,0,Brownplanthopper
31,25,94.1,78.4,104.6,0,2.9,0,Brownplanthopper
34.2,26.5,88.4,61.7,26.8,0,6.7,0,Brownplanthopper
34.1,27.2,88.6,59.1,24,0,5.9,0,Brownplanthopper
34.4,26.3,87.7,69.3,45.4,0,5.6,0,Brownplanthopper
28.5,27.4,89.4,74.4,18.8,0,2.3,0,Brownplanthopper
34.6,26.8,90.6,64.1,27.1,0,7.1,0,Brownplanthopper
32.4,27.2,87.3,78.3,444.4,0,4,0,Brownplanthopper
29.9,24,96,80.4,32.1,0,4.9,0,Brownplanthopper
32.9,26.2,93.6,70.9,4,0,5.9,0,Brownplanthopper
33,26.9,91.9,72.6,7.4,0,4.1,0,Brownplanthopper
31.5,25.3,92.7,81.7,52.5,0,1,0,Brownplanthopper
32,25.1,95.7,77.7,123.6,0,5.7,0,Brownplanthopper
31.8,22.9,97.1,66.9,0,0,9.3,0,Brownplanthopper
32.7,22.2,91.6,61,0,0,9.8,0,Brownplanthopper
32.9,22.3,90.1,54.3,0,0,9.5,0,Brownplanthopper
33.6,19.1,92.6,43.3,0,0,8.3,0,Brownplanthopper
32.8,15.8,92,33.1,0,0,8.9,0,Brownplanthopper
30.4,14.6,91,36,0,0,7.9,0,Brownplanthopper
29.1,14,93.4,41.3,0,0,5.7,0,Brownplanthopper
28.2,14.1,91,43.3,0,0,6.4,0,Brownplanthopper
28.3,12.4,95,38.1,0,0,8.1,0,Brownplanthopper
27.2,12.4,98.4,55.3,0,0,0.9,0,Brownplanthopper
25.3,9.8,97.4,45.9,0,0,4.5,0,Brownplanthopper
25.4,12.2,92.6,50.4,11.4,0,6,0,Brownplanthopper
20.9,6,98.7,48.9,0,0,8,0,Brownplanthopper
19.3,4.3,99.6,47.1,0,0,6.1,0,Brownplanthopper
20.1,3.1,99,46.1,0,0,5.6,0,Brownplanthopper
16.1,2.8,99.6,48.9,0,3.3,7.1,1.4,Caseworm
17.7,1.9,96.9,44.1,0,2.7,7.1,1.4,Caseworm
19.3,4.2,97,44.1,0,3.7,7.8,1.9,Caseworm
22.9,5.5,95.6,51,0,3.2,8,2,Caseworm
24.1,9.2,98.4,55.4,10,2.4,6.6,2,Caseworm
21.3,12.4,93.7,68,41.2,3.2,4.1,1.7,Caseworm
16.5,8.8,96.1,75.6,52.4,3,3.2,1,Caseworm
21,8.1,97.1,50.1,3.9,4.3,8.1,2,Caseworm
21.4,11.3,93.3,60.1,9.1,4.8,6.3,1.9,Caseworm
24.5,10.3,90.1,48.7,0.5,5.8,9.9,3.7,Caseworm
21.7,11.2,92.9,56,36.8,6.9,7,2.7,Caseworm
28.1,14.5,89.4,42.1,4,5.6,8.4,3.8,Caseworm
32.1,16.7,86.3,33,0,4.3,10.8,4.5,Caseworm
32.7,15.7,82.6,25.6,0,5.3,11.2,5.8,Caseworm
37.2,18.4,73.7,19.4,0,3.9,11.4,6.9,Caseworm
37,21.3,63.1,31.7,26.2,5.1,9.3,6.2,Caseworm
39.5,20.8,48.6,13.3,0,3.7,11.4,8,Caseworm
37.9,24.4,50.6,31.1,3,6.4,8.2,8.3,Caseworm
38.1,24.5,51.4,27.3,0,7.1,10.1,9.1,Caseworm
39.9,27.7,56.9,31,0,7.6,9.1,10.5,Caseworm
39.1,23.5,48.6,21,3,7.4,7.4,10.9,Caseworm
38.7,23.8,53.6,26.3,0,5.4,12.1,9.9,Caseworm
41.6,27.3,56.1,33.9,0,7.3,11.1,12,Caseworm
37.6,26.9,82.9,64.4,37,10,4.4,9,Caseworm
33.8,27,81,58.9,3.8,5.4,9.2,6.4,Caseworm
35.1,28.5,79.6,62.3,48.6,5.9,7,6.6,Caseworm
34.1,27.6,85.9,68.1,80.9,6.2,6.8,4.5,Caseworm
33.9,26.8,85,69,68.6,6.4,7,3.4,Caseworm
35,27.9,85.9,61.4,0,6.1,7.6,5.7,Caseworm
35,27.7,90.4,67.3,1.2,5.9,7.5,5.4,Caseworm
33.7,27.4,87.9,78,53.2,5.7,4.8,4.8,Caseworm
34.9,27.3,87.6,71.6,0,5.1,5.3,4.2,Caseworm
34.3,27.2,86,68.1,6.2,4.5,7,5.1,Caseworm
34,27,88,71.9,29,4.3,6.7,4.4,Caseworm
34.1,26.6,92.3,71.3,38.2,4.3,7.7,4.3,Caseworm
32.7,24.5,94.4,74.9,16.1,4.3,5.3,2.9,Caseworm
32.7,23.4,92.1,66.4,3.6,4.2,8.1,3.8,Caseworm
33.9,25.1,92.7,62.9,23.1,4,6,3.7,Caseworm
31.7,22.6,93.3,64.3,0,3.8,7.8,3.2,Caseworm
33.8,16.9,91.7,39,0,3.6,10.3,4,Caseworm
33,14,93.9,31.7,0,3.6,9.5,4.5,Caseworm
31.7,15.4,88.3,40.6,0,3.3,8.1,3.5,Caseworm
31.9,15.2,90.7,27,0,2.1,7.8,3.1,Caseworm
30.8,12.7,91.3,25,0,2.2,7.2,3,Caseworm
29.7,13.9,90.7,33.1,0,2.8,5.5,2.7,Caseworm
27.6,11.2,96.1,35,0,1.7,3.6,1.9,Caseworm
25.9,8.8,94.3,33.6,0,1.5,4.3,1.9,Caseworm
24.2,9.5,95.1,39,1.3,3,3.8,1.5,Caseworm
21.3,6.5,96.9,62.1,0.5,1.8,4.2,1.2,Caseworm
18,8.5,96.9,62.1,17.2,3,4.2,1.2,Caseworm
20.2,4.9,96.6,47.1,0,2.9,7.6,1.3,Caseworm
19,2.9,96.4,58.3,0.1,3,2.5,7.8,Caseworm
22.6,6.1,96.1,46.4,0,0,6.9,0,Gallmidge
21.4,6.1,95.7,54.7,0,0,6.6,0,Gallmidge
20,4.4,98.3,55.7,0,0,6.4,0,Gallmidge
19.8,4.3,98.3,55.7,0,0,3.4,0,Gallmidge
20.8,7.9,97.6,63.9,17.6,0,5.2,0,Gallmidge
21.8,10.3,95,66.1,8.2,0,5.4,0,Gallmidge
19.7,10.7,92,74.1,35.6,0,4,0,Gallmidge
21,8.7,96.7,66.7,0.4,0,5,0,Gallmidge
20.7,10.5,93.6,68.7,6.5,0,4.1,0,Gallmidge
24.8,9.8,95.6,54.6,0,0,10.1,0,Gallmidge
29.3,14,94.1,55.7,0,0,8.4,0,Gallmidge
30.4,14.4,91.1,47.3,0,0,10.1,0,Gallmidge
31.7,16.4,83.4,42.3,0,0,9.9,0,Gallmidge
31.1,14.6,74.4,21.6,0,0,9.3,0,Gallmidge
33.1,17.4,75.6,27.7,2.6,0,7.3,0,Gallmidge
32.4,16.7,74.4,38.6,22.1,0,9.2,0,Gallmidge
38.1,21.7,59,27.1,0,0,10.2,0,Gallmidge
38.9,24.3,51.1,27.6,1.8,0,9.1,0,Gallmidge
39.6,24,52,27.1,0,0,10.2,0,Gallmidge
41.9,26.2,51.6,28.1,0,0,9.8,0,Gallmidge
37.4,24.4,67,41.7,22.4,0,6.4,0,Gallmidge
36.3,24.1,73,45.9,32.8,0,10.5,0,Gallmidge
38.7,26.5,62.9,41.3,2,0,11.2,0,Gallmidge
36.7,26.1,77.6,53.4,148.6,0,7.6,0,Gallmidge
35.2,26.1,88.1,60,75.1,0,5.6,0,Gallmidge
31,25,94.1,78.4,104.6,0,2.9,0,Gallmidge
34.2,26.5,88.4,61.7,26.8,0,6.7,0,Gallmidge
34.1,27.2,88.6,59.1,24,0,5.9,0,Gallmidge
34.4,26.3,87.7,69.3,45.4,0,5.6,0,Gallmidge
28.5,27.4,89.4,74.4,18.8,0,2.3,0,Gallmidge
34.6,26.8,90.6,64.1,27.1,0,7.1,0,Gallmidge
32.4,27.2,87.3,78.3,444.4,0,4,0,Gallmidge
29.9,24,96,80.4,32.1,0,4.9,0,Gallmidge
32.9,26.2,93.6,70.9,4,0,5.9,0,Gallmidge
33,26.9,91.9,72.6,7.4,0,4.1,0,Gallmidge
31.5,25.3,92.7,81.7,52.5,0,1,0,Gallmidge
32,25.1,95.7,77.7,123.6,0,5.7,0,Gallmidge
31.8,22.9,97.1,66.9,0,0,9.3,0,Gallmidge
32.7,22.2,91.6,61,0,0,9.8,0,Gallmidge
32.9,22.3,90.1,54.3,0,0,9.5,0,Gallmidge
33.6,19.1,92.6,43.3,0,0,8.3,0,Gallmidge
32.8,15.8,92,33.1,0,0,8.9,0,Gallmidge
30.4,14.6,91,36,0,0,7.9,0,Gallmidge
29.1,14,93.4,41.3,0,0,5.7,0,Gallmidge
28.2,14.1,91,43.3,0,0,6.4,0,Gallmidge
28.3,12.4,95,38.1,0,0,8.1,0,Gallmidge
27.2,12.4,98.4,55.3,0,0,0.9,0,Gallmidge
25.3,9.8,97.4,45.9,0,0,4.5,0,Gallmidge
25.4,12.2,92.6,50.4,11.4,0,6,0,Gallmidge
20.9,6,98.7,48.9,0,0,8,0,Gallmidge
19.3,4.3,99.6,47.1,0,0,6.1,0,Gallmidge
20.1,3.1,99,46.1,0,0,5.6,0,Gallmidge
14.2,7.1,99.6,85.3,18.4,4,1.4,0.6,Greenleafhoper
11.9,6.4,98.7,81.9,0,3.2,1.2,0.6,Greenleafhoper
14.8,5.5,100,75.1,0,3.8,2.7,0.8,Greenleafhoper
19.5,6.5,99.6,62.1,0,2.2,4.2,1,Greenleafhoper
21.1,7,94.7,53,0,3.1,7.7,2,Greenleafhoper
20.7,10.1,94.4,55.1,25,5.5,3.9,2.3,Greenleafhoper
21.5,7.2,95,47.7,0,2.8,8.8,2.5,Greenleafhoper
24.3,10,90.7,46.4,0,3.2,7.9,2.8,Greenleafhoper
26.9,13.6,90,47.1,1,3.7,7.9,3.4,Greenleafhoper
26.2,10.9,95.9,45,0,3.9,9.7,3.9,Greenleafhoper
30.6,14.3,94.1,39.9,0,2.6,10.2,4,Greenleafhoper
34.8,17.1,93,36.4,0,2.2,9.1,4.5,Greenleafhoper
35.5,17.5,84.7,21.6,0,2.9,10.3,5.5,Greenleafhoper
36.2,16.5,76.9,21,0,3.8,11.1,6.8,Greenleafhoper
39.8,19.1,63.3,24.1,0,4.4,10.1,8.9,Greenleafhoper
40.2,24.1,54.6,31,4.4,5.7,6,9.9,Greenleafhoper
38.7,21.2,55.1,35.1,0,4.3,7.9,8,Greenleafhoper
39,25.3,63.3,44.7,0,7.9,3.6,9.2,Greenleafhoper
38,22.6,62.6,40.3,0,6,9.5,9.4,Greenleafhoper
40.9,24.5,41.1,20,0,6.3,7.5,10.5,Greenleafhoper
43.5,24.6,48,25.7,0,7.8,9.5,12.4,Greenleafhoper
40.2,25.5,54.6,38.4,3.8,8.9,8.9,12.9,Greenleafhoper
34.5,23,73.1,57.1,24.2,6,8.6,7.3,Greenleafhoper
38.9,25.2,64.3,45.7,0,5.3,10.1,9.4,Greenleafhoper
41.7,29.1,56,31.9,2.8,7.5,7.7,10.5,Greenleafhoper
37,26.7,68.9,47.3,10.7,5.9,6.3,7.6,Greenleafhoper
32.2,25.9,84.6,73.9,156.2,6.5,4.3,3.9,Greenleafhoper
34.3,26.9,87.4,63.4,140.8,4.2,7.6,4.2,Greenleafhoper
31.5,27.4,90.6,89.9,68,7.1,0.7,4,Greenleafhoper
33.2,26.9,90.1,71.7,12.2,6.1,4.6,4.5,Greenleafhoper
33.3,27.5,85.9,67.1,2.4,9.2,8.3,5.4,Greenleafhoper
34,27,89.4,71.3,7.8,3.7,3.7,3.6,Greenleafhoper
32.5,26.7,91.6,76.9,46.2,4,3.7,3.3,Greenleafhoper
32.2,25.9,93.4,76.7,49.4,5.3,4.8,3.8,Greenleafhoper
34.1,25.8,93.6,65.7,8.8,3.1,6.9,3.8,Greenleafhoper
32.7,26,89.4,80.6,30,4.4,5.5,3.4,Greenleafhoper
30.6,24,95,74,28,3.9,6.2,3,Greenleafhoper
30.1,21.9,92.7,71.1,60.5,3.6,6.2,2.9,Greenleafhoper
32.4,21.2,95,57.4,0,2.5,10.3,3.8,Greenleafhoper
33,21.7,95.7,56,0,1.5,6.8,3.2,Greenleafhoper
33,20.5,92.4,51,0,1.8,5.2,2.8,Greenleafhoper
32.5,21,91.3,55.6,0,2.1,3.9,2.7,Greenleafhoper
29,14.2,82,48,8.8,2.8,6.9,2.8,Greenleafhoper
29,13.7,93.3,44,0,1.7,6.2,2.4,Greenleafhoper
29.3,12.5,93.3,40.9,0,1.6,8.6,2.4,Greenleafhoper
27.4,12.2,91.9,36.9,0,1.4,5.8,1.9,Greenleafhoper
25.3,10.2,93.4,42.1,0,1.9,6.2,2,Greenleafhoper
24.2,8.2,92.6,40.7,0,2,7.7,2,Greenleafhoper
22.2,5.9,96.6,49.9,0,1.3,6.9,1.3,Greenleafhoper
20.9,5.7,95.7,55.7,0,1.8,6.7,1.2,Greenleafhoper
20,4.4,97.9,56,0,2.1,6.1,1.3,Greenleafhoper
18.6,6,98.6,61.5,17.6,2.2,2.3,0.9,Greenleafhoper
22.6,6.1,96.1,46.4,0,0,6.9,0,Greenleafhoper
21.4,6.1,95.7,54.7,0,0,6.6,0,Greenleafhoper
20,4.4,98.3,55.7,0,0,6.4,0,Greenleafhoper
19.8,4.3,98.3,55.7,0,0,3.4,0,Greenleafhoper
20.8,7.9,97.6,63.9,17.6,0,5.2,0,Greenleafhoper
21.8,10.3,95,66.1,8.2,0,5.4,0,Greenleafhoper
19.7,10.7,92,74.1,35.6,0,4,0,Greenleafhoper
21,8.7,96.7,66.7,0.4,0,5,0,Greenleafhoper
20.7,10.5,93.6,68.7,6.5,0,4.1,0,Greenleafhoper
24.8,9.8,95.6,54.6,0,0,10.1,0,Greenleafhoper
29.3,14,94.1,55.7,0,0,8.4,0,Greenleafhoper
30.4,14.4,91.1,47.3,0,0,10.1,0,Greenleafhoper
31.7,16.4,83.4,42.3,0,0,9.9,0,Greenleafhoper
31.1,14.6,74.4,21.6,0,0,9.3,0,Greenleafhoper
33.1,17.4,75.6,27.7,2.6,0,7.3,0,Greenleafhoper
32.4,16.7,74.4,38.6,22.1,0,9.2,0,Greenleafhoper
38.1,21.7,59,27.1,0,0,10.2,0,Greenleafhoper
38.9,24.3,51.1,27.6,1.8,0,9.1,0,Greenleafhoper
39.6,24,52,27.1,0,0,10.2,0,Greenleafhoper
41.9,26.2,51.6,28.1,0,0,9.8,0,Greenleafhoper
37.4,24.4,67,41.7,22.4,0,6.4,0,Greenleafhoper
36.3,24.1,73,45.9,32.8,0,10.5,0,Greenleafhoper
38.7,26.5,62.9,41.3,2,0,11.2,0,Greenleafhoper
36.7,26.1,77.6,53.4,148.6,0,7.6,0,Greenleafhoper
35.2,26.1,88.1,60,75.1,0,5.6,0,Greenleafhoper
31,25,94.1,78.4,104.6,0,2.9,0,Greenleafhoper
34.2,26.5,88.4,61.7,26.8,0,6.7,0,Greenleafhoper
34.1,27.2,88.6,59.1,24,0,5.9,0,Greenleafhoper
34.4,26.3,87.7,69.3,45.4,0,5.6,0,Greenleafhoper
28.5,27.4,89.4,74.4,18.8,0,2.3,0,Greenleafhoper
34.6,26.8,90.6,64.1,27.1,0,7.1,0,Greenleafhoper
32.4,27.2,87.3,78.3,444.4,0,4,0,Greenleafhoper
29.9,24,96,80.4,32.1,0,4.9,0,Greenleafhoper
32.9,26.2,93.6,70.9,4,0,5.9,0,Greenleafhoper
33,26.9,91.9,72.6,7.4,0,4.1,0,Greenleafhoper
31.5,25.3,92.7,81.7,52.5,0,1,0,Greenleafhoper
32,25.1,95.7,77.7,123.6,0,5.7,0,Greenleafhoper
31.8,22.9,97.1,66.9,0,0,9.3,0,Greenleafhoper
32.7,22.2,91.6,61,0,0,9.8,0,Greenleafhoper
32.9,22.3,90.1,54.3,0,0,9.5,0,Greenleafhoper
33.6,19.1,92.6,43.3,0,0,8.3,0,Greenleafhoper
32.8,15.8,92,33.1,0,0,8.9,0,Greenleafhoper
30.4,14.6,91,36,0,0,7.9,0,Greenleafhoper
29.1,14,93.4,41.3,0,0,5.7,0,Greenleafhoper
28.2,14.1,91,43.3,0,0,6.4,0,Greenleafhoper
28.3,12.4,95,38.1,0,0,8.1,0,Greenleafhoper
27.2,12.4,98.4,55.3,0,0,0.9,0,Greenleafhoper
25.3,9.8,97.4,45.9,0,0,4.5,0,Greenleafhoper
25.4,12.2,92.6,50.4,11.4,0,6,0,Greenleafhoper
20.9,6,98.7,48.9,0,0,8,0,Greenleafhoper
19.3,4.3,99.6,47.1,0,0,6.1,0,Greenleafhoper
20.1,3.1,99,46.1,0,0,5.6,0,Greenleafhoper
14.2,7.1,99.6,85.3,18.4,4,1.4,0.6,LeafFolder
11.9,6.4,98.7,81.9,0,3.2,1.2,0.6,LeafFolder
14.8,5.5,100,75.1,0,3.8,2.7,0.8,LeafFolder
19.5,6.5,99.6,62.1,0,2.2,4.2,1,LeafFolder
21.1,7,94.7,53,0,3.1,7.7,2,LeafFolder
20.7,10.1,94.4,55.1,25,5.5,3.9,2.3,LeafFolder
21.5,7.2,95,47.7,0,2.8,8.8,2.5,LeafFolder
24.3,10,90.7,46.4,0,3.2,7.9,2.8,LeafFolder
26.9,13.6,90,47.1,1,3.7,7.9,3.4,LeafFolder
26.2,10.9,95.9,45,0,3.9,9.7,3.9,LeafFolder
30.6,14.3,94.1,39.9,0,2.6,10.2,4,LeafFolder
34.8,17.1,93,36.4,0,2.2,9.1,4.5,LeafFolder
35.5,17.5,84.7,21.6,0,2.9,10.3,5.5,LeafFolder
36.2,16.5,76.9,21,0,3.8,11.1,6.8,LeafFolder
39.8,19.1,63.3,24.1,0,4.4,10.1,8.9,LeafFolder
40.2,24.1,54.6,31,4.4,5.7,6,9.9,LeafFolder
38.7,21.2,55.1,35.1,0,4.3,7.9,8,LeafFolder
39,25.3,63.3,44.7,0,7.9,3.6,9.2,LeafFolder
38,22.6,62.6,40.3,0,6,9.5,9.4,LeafFolder
40.9,24.5,41.1,20,0,6.3,7.5,10.5,LeafFolder
43.5,24.6,48,25.7,0,7.8,9.5,12.4,LeafFolder
40.2,25.5,54.6,38.4,3.8,8.9,8.9,12.9,LeafFolder
34.5,23,73.1,57.1,24.2,6,8.6,7.3,LeafFolder
38.9,25.2,64.3,45.7,0,5.3,10.1,9.4,LeafFolder
41.7,29.1,56,31.9,2.8,7.5,7.7,10.5,LeafFolder
37,26.7,68.9,47.3,10.7,5.9,6.3,7.6,LeafFolder
32.2,25.9,84.6,73.9,156.2,6.5,4.3,3.9,LeafFolder
34.3,26.9,87.4,63.4,140.8,4.2,7.6,4.2,LeafFolder
31.5,27.4,90.6,89.9,68,7.1,0.7,4,LeafFolder
33.2,26.9,90.1,71.7,12.2,6.1,4.6,4.5,LeafFolder
33.3,27.5,85.9,67.1,2.4,9.2,8.3,5.4,LeafFolder
34,27,89.4,71.3,7.8,3.7,3.7,3.6,LeafFolder
32.5,26.7,91.6,76.9,46.2,4,3.7,3.3,LeafFolder
32.2,25.9,93.4,76.7,49.4,5.3,4.8,3.8,LeafFolder
34.1,25.8,93.6,65.7,8.8,3.1,6.9,3.8,LeafFolder
32.7,26,89.4,80.6,30,4.4,5.5,3.4,LeafFolder
30.6,24,95,74,28,3.9,6.2,3,LeafFolder
30.1,21.9,92.7,71.1,60.5,3.6,6.2,2.9,LeafFolder
32.4,21.2,95,57.4,0,2.5,10.3,3.8,LeafFolder
33,21.7,95.7,56,0,1.5,6.8,3.2,LeafFolder
33,20.5,92.4,51,0,1.8,5.2,2.8,LeafFolder
32.5,21,91.3,55.6,0,2.1,3.9,2.7,LeafFolder
29,14.2,82,48,8.8,2.8,6.9,2.8,LeafFolder
29,13.7,93.3,44,0,1.7,6.2,2.4,LeafFolder
29.3,12.5,93.3,40.9,0,1.6,8.6,2.4,LeafFolder
27.4,12.2,91.9,36.9,0,1.4,5.8,1.9,LeafFolder
25.3,10.2,93.4,42.1,0,1.9,6.2,2,LeafFolder
24.2,8.2,92.6,40.7,0,2,7.7,2,LeafFolder
22.2,5.9,96.6,49.9,0,1.3,6.9,1.3,LeafFolder
20.9,5.7,95.7,55.7,0,1.8,6.7,1.2,LeafFolder
20,4.4,97.9,56,0,2.1,6.1,1.3,LeafFolder
18.6,6,98.6,61.5,17.6,2.2,2.3,0.9,LeafFolder
22.6,6.1,96.1,46.4,0,0,6.9,0,LeafFolder
21.4,6.1,95.7,54.7,0,0,6.6,0,LeafFolder
20,4.4,98.3,55.7,0,0,6.4,0,LeafFolder
19.8,4.3,98.3,55.7,0,0,3.4,0,LeafFolder
20.8,7.9,97.6,63.9,17.6,0,5.2,0,LeafFolder
21.8,10.3,95,66.1,8.2,0,5.4,0,LeafFolder
19.7,10.7,92,74.1,35.6,0,4,0,LeafFolder
21,8.7,96.7,66.7,0.4,0,5,0,LeafFolder
20.7,10.5,93.6,68.7,6.5,0,4.1,0,LeafFolder
24.8,9.8,95.6,54.6,0,0,10.1,0,LeafFolder
29.3,14,94.1,55.7,0,0,8.4,0,LeafFolder
30.4,14.4,91.1,47.3,0,0,10.1,0,LeafFolder
31.7,16.4,83.4,42.3,0,0,9.9,0,LeafFolder
31.1,14.6,74.4,21.6,0,0,9.3,0,LeafFolder
33.1,17.4,75.6,27.7,2.6,0,7.3,0,LeafFolder
32.4,16.7,74.4,38.6,22.1,0,9.2,0,LeafFolder
38.1,21.7,59,27.1,0,0,10.2,0,LeafFolder
38.9,24.3,51.1,27.6,1.8,0,9.1,0,LeafFolder
39.6,24,52,27.1,0,0,10.2,0,LeafFolder
41.9,26.2,51.6,28.1,0,0,9.8,0,LeafFolder
37.4,24.4,67,41.7,22.4,0,6.4,0,LeafFolder
36.3,24.1,73,45.9,32.8,0,10.5,0,LeafFolder
38.7,26.5,62.9,41.3,2,0,11.2,0,LeafFolder
36.7,26.1,77.6,53.4,148.6,0,7.6,0,LeafFolder
35.2,26.1,88.1,60,75.1,0,5.6,0,LeafFolder
31,25,94.1,78.4,104.6,0,2.9,0,LeafFolder
34.2,26.5,88.4,61.7,26.8,0,6.7,0,LeafFolder
34.1,27.2,88.6,59.1,24,0,5.9,0,LeafFolder
34.4,26.3,87.7,69.3,45.4,0,5.6,0,LeafFolder
28.5,27.4,89.4,74.4,18.8,0,2.3,0,LeafFolder
34.6,26.8,90.6,64.1,27.1,0,7.1,0,LeafFolder
32.4,27.2,87.3,78.3,444.4,0,4,0,LeafFolder
29.9,24,96,80.4,32.1,0,4.9,0,LeafFolder
32.9,26.2,93.6,70.9,4,0,5.9,0,LeafFolder
33,26.9,91.9,72.6,7.4,0,4.1,0,LeafFolder
31.5,25.3,92.7,81.7,52.5,0,1,0,LeafFolder
32,25.1,95.7,77.7,123.6,0,5.7,0,LeafFolder
31.8,22.9,97.1,66.9,0,0,9.3,0,LeafFolder
32.7,22.2,91.6,61,0,0,9.8,0,LeafFolder
32.9,22.3,90.1,54.3,0,0,9.5,0,LeafFolder
33.6,19.1,92.6,43.3,0,0,8.3,0,LeafFolder
32.8,15.8,92,33.1,0,0,8.9,0,LeafFolder
30.4,14.6,91,36,0,0,7.9,0,LeafFolder
29.1,14,93.4,41.3,0,0,5.7,0,LeafFolder
28.2,14.1,91,43.3,0,0,6.4,0,LeafFolder
28.3,12.4,95,38.1,0,0,8.1,0,LeafFolder
27.2,12.4,98.4,55.3,0,0,0.9,0,LeafFolder
25.3,9.8,97.4,45.9,0,0,4.5,0,LeafFolder
25.4,12.2,92.6,50.4,11.4,0,6,0,LeafFolder
20.9,6,98.7,48.9,0,0,8,0,LeafFolder
19.3,4.3,99.6,47.1,0,0,6.1,0,LeafFolder
20.1,3.1,99,46.1,0,0,5.6,0,LeafFolder
14.2,7.1,99.6,85.3,18.4,4,1.4,0.6,Whitebackedplanthopper
11.9,6.4,98.7,81.9,0,3.2,1.2,0.6,Whitebackedplanthopper
14.8,5.5,100,75.1,0,3.8,2.7,0.8,Whitebackedplanthopper
19.5,6.5,99.6,62.1,0,2.2,4.2,1,Whitebackedplanthopper
21.1,7,94.7,53,0,3.1,7.7,2,Whitebackedplanthopper
20.7,10.1,94.4,55.1,25,5.5,3.9,2.3,Whitebackedplanthopper
21.5,7.2,95,47.7,0,2.8,8.8,2.5,Whitebackedplanthopper
24.3,10,90.7,46.4,0,3.2,7.9,2.8,Whitebackedplanthopper
26.9,13.6,90,47.1,1,3.7,7.9,3.4,Whitebackedplanthopper
26.2,10.9,95.9,45,0,3.9,9.7,3.9,Whitebackedplanthopper
30.6,14.3,94.1,39.9,0,2.6,10.2,4,Whitebackedplanthopper
34.8,17.1,93,36.4,0,2.2,9.1,4.5,Whitebackedplanthopper
35.5,17.5,84.7,21.6,0,2.9,10.3,5.5,Whitebackedplanthopper
36.2,16.5,76.9,21,0,3.8,11.1,6.8,Whitebackedplanthopper
39.8,19.1,63.3,24.1,0,4.4,10.1,8.9,Whitebackedplanthopper
40.2,24.1,54.6,31,4.4,5.7,6,9.9,Whitebackedplanthopper
38.7,21.2,55.1,35.1,0,4.3,7.9,8,Whitebackedplanthopper
39,25.3,63.3,44.7,0,7.9,3.6,9.2,Whitebackedplanthopper
38,22.6,62.6,40.3,0,6,9.5,9.4,Whitebackedplanthopper
40.9,24.5,41.1,20,0,6.3,7.5,10.5,Whitebackedplanthopper
43.5,24.6,48,25.7,0,7.8,9.5,12.4,Whitebackedplanthopper
40.2,25.5,54.6,38.4,3.8,8.9,8.9,12.9,Whitebackedplanthopper
34.5,23,73.1,57.1,24.2,6,8.6,7.3,Whitebackedplanthopper
38.9,25.2,64.3,45.7,0,5.3,10.1,9.4,Whitebackedplanthopper
41.7,29.1,56,31.9,2.8,7.5,7.7,10.5,Whitebackedplanthopper
37,26.7,68.9,47.3,10.7,5.9,6.3,7.6,Whitebackedplanthopper
32.2,25.9,84.6,73.9,156.2,6.5,4.3,3.9,Whitebackedplanthopper
34.3,26.9,87.4,63.4,140.8,4.2,7.6,4.2,Whitebackedplanthopper
31.5,27.4,90.6,89.9,68,7.1,0.7,4,Whitebackedplanthopper
33.2,26.9,90.1,71.7,12.2,6.1,4.6,4.5,Whitebackedplanthopper
33.3,27.5,85.9,67.1,2.4,9.2,8.3,5.4,Whitebackedplanthopper
34,27,89.4,71.3,7.8,3.7,3.7,3.6,Whitebackedplanthopper
32.5,26.7,91.6,76.9,46.2,4,3.7,3.3,Whitebackedplanthopper
32.2,25.9,93.4,76.7,49.4,5.3,4.8,3.8,Whitebackedplanthopper
34.1,25.8,93.6,65.7,8.8,3.1,6.9,3.8,Whitebackedplanthopper
32.7,26,89.4,80.6,30,4.4,5.5,3.4,Whitebackedplanthopper
30.6,24,95,74,28,3.9,6.2,3,Whitebackedplanthopper
30.1,21.9,92.7,71.1,60.5,3.6,6.2,2.9,Whitebackedplanthopper
32.4,21.2,95,57.4,0,2.5,10.3,3.8,Whitebackedplanthopper
33,21.7,95.7,56,0,1.5,6.8,3.2,Whitebackedplanthopper
33,20.5,92.4,51,0,1.8,5.2,2.8,Whitebackedplanthopper
32.5,21,91.3,55.6,0,2.1,3.9,2.7,Whitebackedplanthopper
29,14.2,82,48,8.8,2.8,6.9,2.8,Whitebackedplanthopper
29,13.7,93.3,44,0,1.7,6.2,2.4,Whitebackedplanthopper
29.3,12.5,93.3,40.9,0,1.6,8.6,2.4,Whitebackedplanthopper
27.4,12.2,91.9,36.9,0,1.4,5.8,1.9,Whitebackedplanthopper
25.3,10.2,93.4,42.1,0,1.9,6.2,2,Whitebackedplanthopper
24.2,8.2,92.6,40.7,0,2,7.7,2,Whitebackedplanthopper
22.2,5.9,96.6,49.9,0,1.3,6.9,1.3,Whitebackedplanthopper
20.9,5.7,95.7,55.7,0,1.8,6.7,1.2,Whitebackedplanthopper
20,4.4,97.9,56,0,2.1,6.1,1.3,Whitebackedplanthopper
18.6,6,98.6,61.5,17.6,2.2,2.3,0.9,Whitebackedplanthopper
22.6,6.1,96.1,46.4,0,0,6.9,0,Whitebackedplanthopper
21.4,6.1,95.7,54.7,0,0,6.6,0,Whitebackedplanthopper
20,4.4,98.3,55.7,0,0,6.4,0,Whitebackedplanthopper
19.8,4.3,98.3,55.7,0,0,3.4,0,Whitebackedplanthopper
20.8,7.9,97.6,63.9,17.6,0,5.2,0,Whitebackedplanthopper
21.8,10.3,95,66.1,8.2,0,5.4,0,Whitebackedplanthopper
19.7,10.7,92,74.1,35.6,0,4,0,Whitebackedplanthopper
21,8.7,96.7,66.7,0.4,0,5,0,Whitebackedplanthopper
20.7,10.5,93.6,68.7,6.5,0,4.1,0,Whitebackedplanthopper
24.8,9.8,95.6,54.6,0,0,10.1,0,Whitebackedplanthopper
29.3,14,94.1,55.7,0,0,8.4,0,Whitebackedplanthopper
30.4,14.4,91.1,47.3,0,0,10.1,0,Whitebackedplanthopper
31.7,16.4,83.4,42.3,0,0,9.9,0,Whitebackedplanthopper
31.1,14.6,74.4,21.6,0,0,9.3,0,Whitebackedplanthopper
33.1,17.4,75.6,27.7,2.6,0,7.3,0,Whitebackedplanthopper
32.4,16.7,74.4,38.6,22.1,0,9.2,0,Whitebackedplanthopper
38.1,21.7,59,27.1,0,0,10.2,0,Whitebackedplanthopper
38.9,24.3,51.1,27.6,1.8,0,9.1,0,Whitebackedplanthopper
39.6,24,52,27.1,0,0,10.2,0,Whitebackedplanthopper
41.9,26.2,51.6,28.1,0,0,9.8,0,Whitebackedplanthopper
37.4,24.4,67,41.7,22.4,0,6.4,0,Whitebackedplanthopper
36.3,24.1,73,45.9,32.8,0,10.5,0,Whitebackedplanthopper
38.7,26.5,62.9,41.3,2,0,11.2,0,Whitebackedplanthopper
36.7,26.1,77.6,53.4,148.6,0,7.6,0,Whitebackedplanthopper
35.2,26.1,88.1,60,75.1,0,5.6,0,Whitebackedplanthopper
31,25,94.1,78.4,104.6,0,2.9,0,Whitebackedplanthopper
34.2,26.5,88.4,61.7,26.8,0,6.7,0,Whitebackedplanthopper
34.1,27.2,88.6,59.1,24,0,5.9,0,Whitebackedplanthopper
34.4,26.3,87.7,69.3,45.4,0,5.6,0,Whitebackedplanthopper
28.5,27.4,89.4,74.4,18.8,0,2.3,0,Whitebackedplanthopper
34.6,26.8,90.6,64.1,27.1,0,7.1,0,Whitebackedplanthopper
32.4,27.2,87.3,78.3,444.4,0,4,0,Whitebackedplanthopper
29.9,24,96,80.4,32.1,0,4.9,0,Whitebackedplanthopper
32.9,26.2,93.6,70.9,4,0,5.9,0,Whitebackedplanthopper
33,26.9,91.9,72.6,7.4,0,4.1,0,Whitebackedplanthopper
31.5,25.3,92.7,81.7,52.5,0,1,0,Whitebackedplanthopper
32,25.1,95.7,77.7,123.6,0,5.7,0,Whitebackedplanthopper
31.8,22.9,97.1,66.9,0,0,9.3,0,Whitebackedplanthopper
32.7,22.2,91.6,61,0,0,9.8,0,Whitebackedplanthopper
32.9,22.3,90.1,54.3,0,0,9.5,0,Whitebackedplanthopper
33.6,19.1,92.6,43.3,0,0,8.3,0,Whitebackedplanthopper
32.8,15.8,92,33.1,0,0,8.9,0,Whitebackedplanthopper
30.4,14.6,91,36,0,0,7.9,0,Whitebackedplanthopper
29.1,14,93.4,41.3,0,0,5.7,0,Whitebackedplanthopper
28.2,14.1,91,43.3,0,0,6.4,0,Whitebackedplanthopper
28.3,12.4,95,38.1,0,0,8.1,0,Whitebackedplanthopper
27.2,12.4,98.4,55.3,0,0,0.9,0,Whitebackedplanthopper
25.3,9.8,97.4,45.9,0,0,4.5,0,Whitebackedplanthopper
25.4,12.2,92.6,50.4,11.4,0,6,0,Whitebackedplanthopper
20.9,6,98.7,48.9,0,0,8,0,Whitebackedplanthopper
19.3,4.3,99.6,47.1,0,0,6.1,0,Whitebackedplanthopper
20.1,3.1,99,46.1,0,0,5.6,0,Whitebackedplanthopper
14.2,7.1,99.6,85.3,18.4,4,1.4,0.6,Yellowstemborer - LT 
11.9,6.4,98.7,81.9,0,3.2,1.2,0.6,Yellowstemborer - LT 
14.8,5.5,100,75.1,0,3.8,2.7,0.8,Yellowstemborer - LT 
19.5,6.5,99.6,62.1,0,2.2,4.2,1,Yellowstemborer - LT 
21.1,7,94.7,53,0,3.1,7.7,2,Yellowstemborer - LT 
20.7,10.1,94.4,55.1,25,5.5,3.9,2.3,Yellowstemborer - LT 
21.5,7.2,95,47.7,0,2.8,8.8,2.5,Yellowstemborer - LT 
24.3,10,90.7,46.4,0,3.2,7.9,2.8,Yellowstemborer - LT 
26.9,13.6,90,47.1,1,3.7,7.9,3.4,Yellowstemborer - LT 
26.2,10.9,95.9,45,0,3.9,9.7,3.9,Yellowstemborer - LT 
30.6,14.3,94.1,39.9,0,2.6,10.2,4,Yellowstemborer - LT 
34.8,17.1,93,36.4,0,2.2,9.1,4.5,Yellowstemborer - LT 
35.5,17.5,84.7,21.6,0,2.9,10.3,5.5,Yellowstemborer - LT 
36.2,16.5,76.9,21,0,3.8,11.1,6.8,Yellowstemborer - LT 
39.8,19.1,63.3,24.1,0,4.4,10.1,8.9,Yellowstemborer - LT 
40.2,24.1,54.6,31,4.4,5.7,6,9.9,Yellowstemborer - LT 
38.7,21.2,55.1,35.1,0,4.3,7.9,8,Yellowstemborer - LT 
39,25.3,63.3,44.7,0,7.9,3.6,9.2,Yellowstemborer - LT 
38,22.6,62.6,40.3,0,6,9.5,9.4,Yellowstemborer - LT 
40.9,24.5,41.1,20,0,6.3,7.5,10.5,Yellowstemborer - LT 
43.5,24.6,48,25.7,0,7.8,9.5,12.4,Yellowstemborer - LT 
40.2,25.5,54.6,38.4,3.8,8.9,8.9,12.9,Yellowstemborer - LT 
34.5,23,73.1,57.1,24.2,6,8.6,7.3,Yellowstemborer - LT 
38.9,25.2,64.3,45.7,0,5.3,10.1,9.4,Yellowstemborer - LT 
41.7,29.1,56,31.9,2.8,7.5,7.7,10.5,Yellowstemborer - LT 
37,26.7,68.9,47.3,10.7,5.9,6.3,7.6,Yellowstemborer - LT 
32.2,25.9,84.6,73.9,156.2,6.5,4.3,3.9,Yellowstemborer - LT 
34.3,26.9,87.4,63.4,140.8,4.2,7.6,4.2,Yellowstemborer - LT 
31.5,27.4,90.6,89.9,68,7.1,0.7,4,Yellowstemborer - LT 
33.2,26.9,90.1,71.7,12.2,6.1,4.6,4.5,Yellowstemborer - LT 
33.3,27.5,85.9,67.1,2.4,9.2,8.3,5.4,Yellowstemborer - LT 
34,27,89.4,71.3,7.8,3.7,3.7,3.6,Yellowstemborer - LT 
32.5,26.7,91.6,76.9,46.2,4,3.7,3.3,Yellowstemborer - LT 
32.2,25.9,93.4,76.7,49.4,5.3,4.8,3.8,Yellowstemborer - LT 
34.1,25.8,93.6,65.7,8.8,3.1,6.9,3.8,Yellowstemborer - LT 
32.7,26,89.4,80.6,30,4.4,5.5,3.4,Yellowstemborer - LT 
30.6,24,95,74,28,3.9,6.2,3,Yellowstemborer - LT 
30.1,21.9,92.7,71.1,60.5,3.6,6.2,2.9,Yellowstemborer - LT 
32.4,21.2,95,57.4,0,2.5,10.3,3.8,Yellowstemborer - LT 
33,21.7,95.7,56,0,1.5,6.8,3.2,Yellowstemborer - LT 
33,20.5,92.4,51,0,1.8,5.2,2.8,Yellowstemborer - LT 
32.5,21,91.3,55.6,0,2.1,3.9,2.7,Yellowstemborer - LT 
29,14.2,82,48,8.8,2.8,6.9,2.8,Yellowstemborer - LT 
29,13.7,93.3,44,0,1.7,6.2,2.4,Yellowstemborer - LT 
29.3,12.5,93.3,40.9,0,1.6,8.6,2.4,Yellowstemborer - LT 
27.4,12.2,91.9,36.9,0,1.4,5.8,1.9,Yellowstemborer - LT 
25.3,10.2,93.4,42.1,0,1.9,6.2,2,Yellowstemborer - LT 
24.2,8.2,92.6,40.7,0,2,7.7,2,Yellowstemborer - LT 
22.2,5.9,96.6,49.9,0,1.3,6.9,1.3,Yellowstemborer - LT 
20.9,5.7,95.7,55.7,0,1.8,6.7,1.2,Yellowstemborer - LT 
20,4.4,97.9,56,0,2.1,6.1,1.3,Yellowstemborer - LT 
18.6,6,98.6,61.5,17.6,2.2,2.3,0.9,Yellowstemborer - LT 
22.6,6.1,96.1,46.4,0,0,6.9,0,Yellowstemborer - LT 
21.4,6.1,95.7,54.7,0,0,6.6,0,Yellowstemborer - LT 
20,4.4,98.3,55.7,0,0,6.4,0,Yellowstemborer - LT 
19.8,4.3,98.3,55.7,0,0,3.4,0,Yellowstemborer - LT 
20.8,7.9,97.6,63.9,17.6,0,5.2,0,Yellowstemborer - LT 
21.8,10.3,95,66.1,8.2,0,5.4,0,Yellowstemborer - LT 
19.7,10.7,92,74.1,35.6,0,4,0,Yellowstemborer - LT 
21,8.7,96.7,66.7,0.4,0,5,0,Yellowstemborer - LT 
20.7,10.5,93.6,68.7,6.5,0,4.1,0,Yellowstemborer - LT 
24.8,9.8,95.6,54.6,0,0,10.1,0,Yellowstemborer - LT 
29.3,14,94.1,55.7,0,0,8.4,0,Yellowstemborer - LT 
30.4,14.4,91.1,47.3,0,0,10.1,0,Yellowstemborer - LT 
31.7,16.4,83.4,42.3,0,0,9.9,0,Yellowstemborer - LT 
31.1,14.6,74.4,21.6,0,0,9.3,0,Yellowstemborer - LT 
33.1,17.4,75.6,27.7,2.6,0,7.3,0,Yellowstemborer - LT 
32.4,16.7,74.4,38.6,22.1,0,9.2,0,Yellowstemborer - LT 
38.1,21.7,59,27.1,0,0,10.2,0,Yellowstemborer - LT 
38.9,24.3,51.1,27.6,1.8,0,9.1,0,Yellowstemborer - LT 
39.6,24,52,27.1,0,0,10.2,0,Yellowstemborer - LT 
41.9,26.2,51.6,28.1,0,0,9.8,0,Yellowstemborer - LT 
37.4,24.4,67,41.7,22.4,0,6.4,0,Yellowstemborer - LT 
36.3,24.1,73,45.9,32.8,0,10.5,0,Yellowstemborer - LT 
38.7,26.5,62.9,41.3,2,0,11.2,0,Yellowstemborer - LT 
36.7,26.1,77.6,53.4,148.6,0,7.6,0,Yellowstemborer - LT 
35.2,26.1,88.1,60,75.1,0,5.6,0,Yellowstemborer - LT 
31,25,94.1,78.4,104.6,0,2.9,0,Yellowstemborer - LT 
34.2,26.5,88.4,61.7,26.8,0,6.7,0,Yellowstemborer - LT 
34.1,27.2,88.6,59.1,24,0,5.9,0,Yellowstemborer - LT 
34.4,26.3,87.7,69.3,45.4,0,5.6,0,Yellowstemborer - LT 
28.5,27.4,89.4,74.4,18.8,0,2.3,0,Yellowstemborer - LT 
34.6,26.8,90.6,64.1,27.1,0,7.1,0,Yellowstemborer - LT 
32.4,27.2,87.3,78.3,444.4,0,4,0,Yellowstemborer - LT 
29.9,24,96,80.4,32.1,0,4.9,0,Yellowstemborer - LT 
32.9,26.2,93.6,70.9,4,0,5.9,0,Yellowstemborer - LT 
33,26.9,91.9,72.6,7.4,0,4.1,0,Yellowstemborer - LT 
31.5,25.3,92.7,81.7,52.5,0,1,0,Yellowstemborer - LT 
32,25.1,95.7,77.7,123.6,0,5.7,0,Yellowstemborer - LT 
31.8,22.9,97.1,66.9,0,0,9.3,0,Yellowstemborer - LT 
32.7,22.2,91.6,61,0,0,9.8,0,Yellowstemborer - LT 
32.9,22.3,90.1,54.3,0,0,9.5,0,Yellowstemborer - LT 
33.6,19.1,92.6,43.3,0,0,8.3,0,Yellowstemborer - LT 
32.8,15.8,92,33.1,0,0,8.9,0,Yellowstemborer - LT 
30.4,14.6,91,36,0,0,7.9,0,Yellowstemborer - LT 
29.1,14,93.4,41.3,0,0,5.7,0,Yellowstemborer - LT 
28.2,14.1,91,43.3,0,0,6.4,0,Yellowstemborer - LT 
28.3,12.4,95,38.1,0,0,8.1,0,Yellowstemborer - LT 
27.2,12.4,98.4,55.3,0,0,0.9,0,Yellowstemborer - LT 
25.3,9.8,97.4,45.9,0,0,4.5,0,Yellowstemborer - LT 
25.4,12.2,92.6,50.4,11.4,0,6,0,Yellowstemborer - LT 
20.9,6,98.7,48.9,0,0,8,0,Yellowstemborer - LT 
19.3,4.3,99.6,47.1,0,0,6.1,0,Yellowstemborer - LT 
20.1,3.1,99,46.1,0,0,5.6,0,Yellowstemborer - LT 
13.8,6,100,80.7,0,2.6,2.9,0.5,Yellowstemborer - PT 
17.5,10.2,91,67,35.5,5.3,1.5,1.3,Yellowstemborer - PT 
16.8,4.5,96.1,57.3,0,4.4,8.8,1.9,Yellowstemborer - PT 
19.1,7.7,97.4,66.3,21.4,3.9,6.9,1.8,Yellowstemborer - PT 
20.1,8.5,89.4,56.7,0,4.3,7.1,2.3,Yellowstemborer - PT 
17.5,8.3,97.6,70.6,31.2,4.3,5.3,1.7,Yellowstemborer - PT 
18.7,6.5,96.3,50.7,5.4,2.9,7.4,1.9,Yellowstemborer - PT 
19.9,5.1,95.7,43.6,0,3.1,9.7,2.4,Yellowstemborer - PT 
24.3,9.2,89.5,38,0,3.2,10.5,3.2,Yellowstemborer - PT 
24,8.9,90.9,37.7,8.8,5.2,9.9,3.6,Yellowstemborer - PT 
26.5,10.2,88.7,34.4,0,4.5,10.4,4.6,Yellowstemborer - PT 
25.8,11.5,82.6,38.7,11.8,5.3,8,4.3,Yellowstemborer - PT 
31.5,15.1,90.4,40.9,0,2.9,10.8,4.3,Yellowstemborer - PT 
33.8,13.2,81.6,20.6,0,3.8,11.9,6.3,Yellowstemborer - PT 
37,16.1,75.9,18.3,0,4,11.4,7.3,Yellowstemborer - PT 
39.9,20.7,62.6,21.6,8,3.1,8.7,8.1,Yellowstemborer - PT 
37.8,20.6,56,21.9,6,4.9,10.5,8,Yellowstemborer - PT 
39.8,22,47.9,23.7,14.6,7.5,9.1,10.4,Yellowstemborer - PT 
35.9,25.9,65.9,40.7,9.2,7.1,8.5,7.7,Yellowstemborer - PT 
39.8,26.8,56.3,26.9,0,4.7,7.4,8.6,Yellowstemborer - PT 
41,28,60.3,32.6,0,8.6,6.4,10.4,Yellowstemborer - PT 
41.4,26.4,59.4,29.9,4.6,6.2,8.8,10.7,Yellowstemborer - PT 
34.3,25.2,72.9,53.3,87,7,9.8,7.5,Yellowstemborer - PT 
37.3,27.7,68.3,45.7,0,5.5,8.4,6.8,Yellowstemborer - PT 
35.9,27.4,78.9,52.1,1.6,8.4,8.6,7.1,Yellowstemborer - PT 
35.5,27.9,75.9,62,0,3.8,2.6,6.2,Yellowstemborer - PT 
36,28,82.4,60.1,89,4.9,9.5,6.1,Yellowstemborer - PT 
33.1,26.8,88.6,73.3,49.4,6.8,5.6,5.2,Yellowstemborer - PT 
31.1,25.9,90.7,82.4,29,6,3.2,4.1,Yellowstemborer - PT 
32.5,26.3,90.9,72,10.2,7.6,4.3,4.3,Yellowstemborer - PT 
32.9,25.1,90.1,69.3,26.3,4.9,5.5,4.4,Yellowstemborer - PT 
34.7,26.9,88.3,67.9,13.8,4.4,9.3,5.5,Yellowstemborer - PT 
34,26.5,89.9,72.1,37,3.2,9.3,5,Yellowstemborer - PT 
34.5,25.6,87.6,68.3,16.1,3.3,9.1,5,Yellowstemborer - PT 
34,25.1,93,70.3,78.4,3.7,7.5,4.1,Yellowstemborer - PT 
34.1,24,91.3,67.7,87,3,9.1,3.3,Yellowstemborer - PT 
33.7,23.8,91.4,54.9,1.8,2.2,9.9,4.4,Yellowstemborer - PT 
34.9,22.9,88.7,49.7,2.4,2.9,9.3,4.8,Yellowstemborer - PT 
33.2,19.9,89,45.1,0,2.3,9.8,4.1,Yellowstemborer - PT 
34.6,21.7,89.3,45.9,0,2.5,8.7,3.9,Yellowstemborer - PT 
34.9,18.3,90.3,29.4,0,1.9,8.9,3.8,Yellowstemborer - PT 
34.3,17.5,88,30,0,1.8,8.4,3.6,Yellowstemborer - PT 
33.6,18,87.7,36.7,0,2.6,7.9,4,Yellowstemborer - PT 
30.2,15.9,91.3,47.4,0,1.3,4.5,2.4,Yellowstemborer - PT 
29.9,14.3,92.3,35,0,1.8,6.1,2.2,Yellowstemborer - PT 
27.7,11.8,86.7,33.3,0,1.7,7.5,2.6,Yellowstemborer - PT 
26.6,11.9,87.6,39.1,0,2.7,6.4,2.5,Yellowstemborer - PT 
23.4,6.1,95.3,27.9,0,1.9,7.1,2.1,Yellowstemborer - PT 
23.6,6.1,91.9,33.9,0,1.7,9.3,2.2,Yellowstemborer - PT 
22.2,5.8,96.1,43.3,0,1.7,7.8,1.8,Yellowstemborer - PT 
22.1,7.1,96.3,45.4,0,2.6,7.1,1.8,Yellowstemborer - PT 
22.2,5.6,97.5,48.9,0,1.7,7.1,1.5,Yellowstemborer - PT 
